-- phpMyAdmin SQL Dump
-- version 4.8.3
-- https://www.phpmyadmin.net/
--
-- Host: localhost:3306
-- Generation Time: Oct 27, 2019 at 10:01 AM
-- Server version: 5.6.41-84.1-log
-- PHP Version: 7.2.7

SET SQL_MODE = "NO_AUTO_VALUE_ON_ZERO";
SET AUTOCOMMIT = 0;
START TRANSACTION;
SET time_zone = "+00:00";


/*!40101 SET @OLD_CHARACTER_SET_CLIENT=@@CHARACTER_SET_CLIENT */;
/*!40101 SET @OLD_CHARACTER_SET_RESULTS=@@CHARACTER_SET_RESULTS */;
/*!40101 SET @OLD_COLLATION_CONNECTION=@@COLLATION_CONNECTION */;
/*!40101 SET NAMES utf8mb4 */;

--
-- Database: `works_spices`
--

-- --------------------------------------------------------

--
-- Table structure for table `admin`
--

CREATE TABLE `admin` (
  `id` int(11) NOT NULL,
  `username` varchar(50) NOT NULL,
  `password` varchar(200) NOT NULL
) ENGINE=InnoDB DEFAULT CHARSET=latin1;

--
-- Dumping data for table `admin`
--

INSERT INTO `admin` (`id`, `username`, `password`) VALUES
(1, 'isskerala', '34176b0d80fa84264f73da0a64723542');

-- --------------------------------------------------------

--
-- Table structure for table `events`
--

CREATE TABLE `events` (
  `ev_id` int(11) NOT NULL,
  `ev_name` varchar(100) NOT NULL,
  `ev_description` text NOT NULL,
  `location` varchar(100) NOT NULL,
  `start_date` date NOT NULL,
  `end_date` date NOT NULL,
  `start_time` varchar(20) NOT NULL,
  `st_time` time NOT NULL,
  `start` timestamp NOT NULL DEFAULT CURRENT_TIMESTAMP,
  `status` tinyint(1) NOT NULL,
  `timestamp` timestamp NOT NULL DEFAULT CURRENT_TIMESTAMP ON UPDATE CURRENT_TIMESTAMP
) ENGINE=InnoDB DEFAULT CHARSET=latin1;

--
-- Dumping data for table `events`
--

INSERT INTO `events` (`ev_id`, `ev_name`, `ev_description`, `location`, `start_date`, `end_date`, `start_time`, `st_time`, `start`, `status`, `timestamp`) VALUES
(1, 'Malabar festival', '\"Lorem ipsum dolor sit amet, consectetur adipiscing elit, sed do eiusmod tempor incididunt ut labore et dolore magna aliqua. Ut enim ad minim veniam, quis nostrud exercitation ullamco laboris nisi ut aliquip ex ea commodo consequat. Duis aute irure dolor in reprehenderit in voluptate velit esse cillum dolore eu fugiat nulla pariatur. Excepteur sint occaecat cupidatat non proident, sunt in culpa qui officia deserunt mollit anim id est laborum.\"\r\n\"Lorem ipsum dolor sit amet, consectetur adipiscing elit, sed do eiusmod tempor incididunt ut labore et dolore magna aliqua. Ut enim ad minim veniam, quis nostrud exercitation ullamco laboris nisi ut aliquip ex ea commodo consequat. Duis aute irure dolor in reprehenderit in voluptate velit esse cillum dolore eu fugiat nulla pariatur. Excepteur sint occaecat cupidatat non proident, sunt in culpa qui officia deserunt mollit anim id est laborum.\"', 'Calicut', '2019-06-19', '2019-06-27', '09:00 AM', '09:00:00', '2019-06-19 03:30:00', 1, '2019-07-23 11:06:53'),
(2, 'Carnival 2019', '\"Lorem ipsum dolor sit amet, consectetur adipiscing elit, sed do eiusmod tempor incididunt ut labore et dolore magna aliqua. Ut enim ad minim veniam, quis nostrud exercitation ullamco laboris nisi ut aliquip ex ea commodo consequat. Duis aute irure dolor in reprehenderit in voluptate velit esse cillum dolore eu fugiat nulla pariatur. Excepteur sint occaecat cupidatat non proident, sunt in culpa qui officia deserunt mollit anim id est laborum.\"\r\n\"Lorem ipsum dolor sit amet, consectetur adipiscing elit, sed do eiusmod tempor incididunt ut labore et dolore magna aliqua. Ut enim ad minim veniam, quis nostrud exercitation ullamco laboris nisi ut aliquip ex ea commodo consequat. Duis aute irure dolor in reprehenderit in voluptate velit esse cillum dolore eu fugiat nulla pariatur. Excepteur sint occaecat cupidatat non proident, sunt in culpa qui officia deserunt mollit anim id est laborum.\"', 'Kannur', '2019-06-27', '2019-06-28', '09:00 AM', '09:00:00', '2019-06-27 03:30:00', 1, '2019-07-23 11:07:10'),
(3, 'IISR INAGURAL CEREMONY', '\"Lorem ipsum dolor sit amet, consectetur adipiscing elit, sed do eiusmod tempor incididunt ut labore et dolore magna aliqua. Ut enim ad minim veniam, quis nostrud exercitation ullamco laboris nisi ut aliquip ex ea commodo consequat. Duis aute irure dolor in reprehenderit in voluptate velit esse cillum dolore eu fugiat nulla pariatur. Excepteur sint occaecat cupidatat non proident, sunt in culpa qui officia deserunt mollit anim id est laborum.\r\nLorem ipsum dolor sit amet, consectetur adipiscing elit, sed do eiusmod tempor incididunt ut labore et dolore magna aliqua. Ut enim ad minim veniam, quis nostrud exercitation ullamco laboris nisi ut aliquip ex ea commodo consequat. Duis aute irure dolor in reprehenderit in voluptate velit esse cillum dolore eu fugiat nulla pariatur. Excepteur sint occaecat cupidatat non proident, sunt in culpa qui officia deserunt mollit anim id est laborum.\"', 'Chaathamangalam , kozhikode', '2019-09-11', '2019-09-13', '10:00 AM', '10:00:00', '2019-09-11 04:30:00', 0, '2019-07-24 09:16:57'),
(4, 'Indian Society For Spices Annual Meeting', '\"Lorem ipsum dolor sit amet, consectetur adipiscing elit, sed do eiusmod tempor incididunt ut labore et dolore magna aliqua. Ut enim ad minim veniam, quis nostrud exercitation ullamco laboris nisi ut aliquip ex ea commodo consequat. Duis aute irure dolor in reprehenderit in voluptate velit esse cillum dolore eu fugiat nulla pariatur. Excepteur sint occaecat cupidatat non proident, sunt in culpa qui officia deserunt mollit anim id est laborum.\r\nLorem ipsum dolor sit amet, consectetur adipiscing elit, sed do eiusmod tempor incididunt ut labore et dolore magna aliqua. Ut enim ad minim veniam, quis nostrud exercitation ullamco laboris nisi ut aliquip ex ea commodo consequat. Duis aute irure dolor in reprehenderit in voluptate velit esse cillum dolore eu fugiat nulla pariatur. Excepteur sint occaecat cupidatat non proident, sunt in culpa qui officia deserunt mollit anim id est laborum.\"', 'Malaparamba', '2019-08-31', '2019-09-04', '08:00 AM', '08:00:00', '2019-08-31 11:06:03', 1, '2019-07-24 04:21:59'),
(8, 'International conference', 'Description of the international conference', 'Washington dc', '2019-08-30', '2019-08-31', '9:00 AM', '09:00:00', '2019-08-30 03:30:00', 1, '2019-07-24 08:53:07'),
(9, 'test', 'a spoken or written account of a person, object, or event.\r\n\"people who had seen him were able to give a description\"\r\nsynonyms: account, explanation, elucidation, illustration, representation, interpretation; More', 'Test', '2019-08-01', '2019-08-02', '9:15 AM', '09:15:00', '2019-08-01 09:15:00', 0, '2019-07-31 05:02:03'),
(10, 'test', 'a spoken or written account of a person, object, or event.\r\n\"people who had seen him were able to give a description\"\r\nsynonyms: account, explanation, elucidation, illustration, representation, interpretation; More', 'Test', '2019-07-31', '2019-07-31', '9:45 AM', '09:45:00', '2019-07-31 09:45:00', 1, '2019-07-31 04:00:53'),
(11, 'SYMSAC IX', 'Ninth National Symposium on Spices and Aromatic Crops (SYMSAC IX) ‘Spices for doubling farmers’ income’ was aimed to formulate various strategies for doubling of farmers’ income through spices cultivation by giving emphasis on conservation of genetic resources, crop improvement and quality production of spices, organic cultivation, abiotic and biotic stress management, market linkage, etc. so as to realize the set objectives.', 'SASRD, Nagaland University', '2019-09-15', '2019-09-17', '2:30 PM', '14:30:00', '2019-09-15 14:30:00', 1, '2019-08-29 10:04:04'),
(13, 'test', 'test', 'test', '2019-08-01', '2019-08-02', '2:45 PM', '14:45:00', '2019-08-01 14:45:00', 1, '2019-08-30 09:13:33'),
(14, 'test', 'test', 'Test', '2019-09-06', '2019-09-06', '2:30 PM', '14:30:00', '2019-09-06 14:30:00', 0, '2019-09-06 03:42:00');

-- --------------------------------------------------------

--
-- Table structure for table `event_images`
--

CREATE TABLE `event_images` (
  `ei_id` int(11) NOT NULL,
  `ev_image` varchar(150) NOT NULL,
  `ev_id` int(11) NOT NULL,
  `timestamp` timestamp NOT NULL DEFAULT CURRENT_TIMESTAMP ON UPDATE CURRENT_TIMESTAMP
) ENGINE=InnoDB DEFAULT CHARSET=latin1;

--
-- Dumping data for table `event_images`
--

INSERT INTO `event_images` (`ei_id`, `ev_image`, `ev_id`, `timestamp`) VALUES
(1, 'uploads/events/malabar.jpg', 1, '2019-06-15 11:32:25'),
(2, 'uploads/events/carnival.jpg', 2, '2019-06-15 11:32:25'),
(3, 'uploads/events/IISR INAGURAL CEREMONY201907243607.png', 3, '2019-07-24 09:16:57'),
(4, 'uploads/events/iss.jpg', 4, '2019-06-15 11:32:42'),
(5, 'uploads/events/iisr.jpg', 1, '2019-06-15 11:53:31'),
(6, 'uploads/events/1201907247731.png', 5, '2019-07-24 06:25:01'),
(9, 'uploads/events/International conference201907248125.png', 8, '2019-07-24 08:53:07'),
(10, 'uploads/events/test201907316665.png', 9, '2019-07-31 03:31:32'),
(11, 'uploads/events/test201907317990.png', 10, '2019-07-31 04:00:53'),
(12, 'uploads/events/SYMSAC IX201908298660.png', 11, '2019-08-29 10:04:04'),
(14, 'uploads/events/test201908305945.png', 13, '2019-08-30 09:13:33'),
(15, 'uploads/events/test201909057169.png', 14, '2019-09-05 08:57:51');

-- --------------------------------------------------------

--
-- Table structure for table `gallery`
--

CREATE TABLE `gallery` (
  `image_id` int(11) NOT NULL,
  `name` varchar(100) NOT NULL,
  `image` varchar(200) NOT NULL,
  `timestamp` timestamp NOT NULL DEFAULT CURRENT_TIMESTAMP ON UPDATE CURRENT_TIMESTAMP
) ENGINE=InnoDB DEFAULT CHARSET=latin1;

--
-- Dumping data for table `gallery`
--

INSERT INTO `gallery` (`image_id`, `name`, `image`, `timestamp`) VALUES
(1, 'Image1', 'uploads/gallery/slider1.jpg', '2019-06-17 05:42:41'),
(2, 'Image2', 'uploads/gallery/slider2.jpg', '2019-06-17 05:42:47'),
(3, 'Image3', 'uploads/gallery/slider3.jpg', '2019-06-17 05:42:53'),
(6, 'SYMSAC IX - Nagaland', 'uploads/gallery/SYMSAC IX - Nagaland201908274698.png', '2019-08-27 11:56:22'),
(7, 'SYMSAC VIII  - TNAU Coimb', 'uploads/gallery/SYMSAC VIII  - TNAU Coimb201908274509.png', '2019-08-27 12:03:03');

-- --------------------------------------------------------

--
-- Table structure for table `members`
--

CREATE TABLE `members` (
  `member_id` bigint(20) NOT NULL,
  `username` varchar(200) NOT NULL,
  `member_no` int(11) NOT NULL,
  `mobile` varchar(20) NOT NULL,
  `email` varchar(100) NOT NULL,
  `password` varchar(200) NOT NULL,
  `image` varchar(300) NOT NULL,
  `auth` varchar(50) NOT NULL,
  `status` tinyint(1) NOT NULL DEFAULT '1',
  `payment_status` tinyint(1) NOT NULL DEFAULT '0',
  `timestamp` timestamp NOT NULL DEFAULT CURRENT_TIMESTAMP ON UPDATE CURRENT_TIMESTAMP
) ENGINE=InnoDB DEFAULT CHARSET=latin1;

--
-- Dumping data for table `members`
--

INSERT INTO `members` (`member_id`, `username`, `member_no`, `mobile`, `email`, `password`, `image`, `auth`, `status`, `payment_status`, `timestamp`) VALUES
(1, 'Dr. Ramana K V', 3, '9490890530', 'ramankv@gmail.com', 'b589b8b7eb6d18d924b575939925c3b0', 'uploads/profile/user.png', 'he6BmSx3YX7rNVpHeLRU', 1, 0, '2019-09-23 04:58:10'),
(2, 'Dr. Nirmal Babu K', 4, '9447331455', '', 'b589b8b7eb6d18d924b575939925c3b0', 'uploads/profile/user.png', '', 1, 0, '2019-08-23 10:22:53'),
(3, 'Dr. Johnson K George', 11, '9447070193', '', 'b589b8b7eb6d18d924b575939925c3b0', 'uploads/profile/user.png', '', 1, 0, '2019-08-23 10:22:53'),
(4, 'Dr. Sasikumar. B', 12, '9496178142', '', 'b589b8b7eb6d18d924b575939925c3b0', 'uploads/profile/user.png', '', 1, 0, '2019-08-23 10:22:53'),
(5, 'Dr. Rema J', 17, '9447727717', '', 'b589b8b7eb6d18d924b575939925c3b0', 'uploads/profile/user.png', '', 1, 0, '2019-08-23 10:22:53'),
(6, 'Dr. Ramakrishnan Nair R', 29, '9447701849', '', 'b589b8b7eb6d18d924b575939925c3b0', 'uploads/profile/user.png', '', 1, 0, '2019-08-23 10:22:53'),
(7, 'Dr. John Zachariah T', 43, '9446071410', '', 'b589b8b7eb6d18d924b575939925c3b0', 'uploads/profile/user.png', '', 1, 0, '2019-08-23 10:22:53'),
(8, 'Dr. Samsudeen K', 48, '4994232694', '', 'b589b8b7eb6d18d924b575939925c3b0', 'uploads/profile/user.png', '', 1, 0, '2019-08-23 10:22:53'),
(9, 'Dr. Hamza Srambikkal', 50, '9656102601', '', 'b589b8b7eb6d18d924b575939925c3b0', 'uploads/profile/user.png', '', 1, 0, '2019-08-23 10:22:53'),
(10, 'Dr. Anandaraj M', 51, '9447132294', '', 'b589b8b7eb6d18d924b575939925c3b0', 'uploads/profile/user.png', '', 1, 0, '2019-08-23 10:22:53'),
(11, 'Dr. Sadanandan A K', 57, '9447393866', '', 'b589b8b7eb6d18d924b575939925c3b0', 'uploads/profile/user.png', '', 1, 0, '2019-08-23 10:22:53'),
(12, 'Dr. Dohroo N P', 71, '9418127572', '', 'b589b8b7eb6d18d924b575939925c3b0', 'uploads/profile/user.png', '', 1, 0, '2019-08-23 10:22:53'),
(13, 'Mr. Ramesh P K', 72, '9482770689', '', 'b589b8b7eb6d18d924b575939925c3b0', 'uploads/profile/user.png', '', 1, 0, '2019-08-23 10:22:53'),
(14, 'Dr. Korikanthimath V S', 73, '9482396626', '', 'b589b8b7eb6d18d924b575939925c3b0', 'uploads/profile/user.png', '', 1, 0, '2019-08-23 10:22:53'),
(15, 'Dr. Ram Chandra', 93, '9129278742', '', 'b589b8b7eb6d18d924b575939925c3b0', 'uploads/profile/user.png', '', 1, 0, '2019-08-23 10:22:53'),
(16, 'Dr. Santhosh J Eapen', 100, '9447072747', '', 'b589b8b7eb6d18d924b575939925c3b0', 'uploads/profile/user.png', '', 1, 0, '2019-08-23 10:22:53'),
(17, 'Mr. James Jacob', 106, '9447056508', '', 'b589b8b7eb6d18d924b575939925c3b0', 'uploads/profile/user.png', '', 1, 0, '2019-08-23 10:22:53'),
(18, 'Mr. Vittal Rau M S', 113, '8023333406', '', 'b589b8b7eb6d18d924b575939925c3b0', 'uploads/profile/user.png', '', 1, 0, '2019-08-23 10:22:53'),
(19, 'Dr. Krishna Kumar V', 121, '9447364877', '', 'b589b8b7eb6d18d924b575939925c3b0', 'uploads/profile/user.png', '', 1, 0, '2019-08-23 10:22:53'),
(20, 'Mr. Samuel D Mohan', 122, '9845213867', '', 'b589b8b7eb6d18d924b575939925c3b0', 'uploads/profile/user.png', '', 1, 0, '2019-08-23 10:22:53'),
(21, 'Dr. Pushpadas M V', 140, '9497238296', '', 'b589b8b7eb6d18d924b575939925c3b0', 'uploads/profile/user.png', '', 1, 0, '2019-08-23 10:22:53'),
(22, 'Dr. Sudharshan M R', 142, '8762598895', '', 'b589b8b7eb6d18d924b575939925c3b0', 'uploads/profile/user.png', '', 1, 0, '2019-08-23 10:22:53'),
(23, 'Dr. Bhende Siddhesh Shamrao', 148, '9421189721', '', 'b589b8b7eb6d18d924b575939925c3b0', 'uploads/profile/user.png', '', 1, 0, '2019-08-23 10:22:53'),
(24, 'Mr. Lalit Mehta', 154, '9426084261', '', 'b589b8b7eb6d18d924b575939925c3b0', 'uploads/profile/user.png', '', 1, 0, '2019-08-23 10:22:53'),
(25, 'Dr. George C K', 164, '9495079767', '', 'b589b8b7eb6d18d924b575939925c3b0', 'uploads/profile/user.png', '', 1, 0, '2019-08-23 10:22:53'),
(26, 'Dr. Sivaraman K', 165, '9443656605', '', 'b589b8b7eb6d18d924b575939925c3b0', 'uploads/profile/user.png', '', 1, 0, '2019-08-23 10:22:53'),
(27, 'Mr. Saboo R N', 203, '9349125068', '', 'b589b8b7eb6d18d924b575939925c3b0', 'uploads/profile/user.png', '', 1, 0, '2019-08-23 10:22:53'),
(28, 'Dr. Sreekant S Mehta', 205, '9842747536', '', 'b589b8b7eb6d18d924b575939925c3b0', 'uploads/profile/user.png', '', 1, 0, '2019-08-23 10:22:53'),
(29, 'Dr. Leela N K', 208, '9496294030', '', 'b589b8b7eb6d18d924b575939925c3b0', 'uploads/profile/user.png', '', 1, 0, '2019-08-23 10:22:53'),
(30, 'Dr. Deshpande A A ', 213, '9341186254', '', 'b589b8b7eb6d18d924b575939925c3b0', 'uploads/profile/user.png', '', 1, 0, '2019-08-23 10:22:53'),
(31, 'Dr. Kandiannan K', 241, '9446023078', '', 'b589b8b7eb6d18d924b575939925c3b0', 'uploads/profile/user.png', '', 1, 0, '2019-08-23 10:22:53'),
(32, 'Dr. Thankamani C K', 242, '9495083552', '', 'b589b8b7eb6d18d924b575939925c3b0', 'uploads/profile/user.png', '', 1, 0, '2019-08-23 10:22:53'),
(33, 'Dr. Patel D J', 258, '9427610553', '', 'b589b8b7eb6d18d924b575939925c3b0', 'uploads/profile/user.png', '', 1, 0, '2019-08-23 10:22:53'),
(34, 'Mr. Haridas P', 262, '9447009149', '', 'b589b8b7eb6d18d924b575939925c3b0', 'uploads/profile/user.png', '', 1, 0, '2019-08-23 10:22:53'),
(35, 'M/s. Parry Agro Industries Ltd.', 264, '9443149300', '', 'b589b8b7eb6d18d924b575939925c3b0', 'uploads/profile/user.png', '', 1, 0, '2019-08-23 10:22:53'),
(36, 'Dr. Haldankar P M', 267, '9421809721', '', 'b589b8b7eb6d18d924b575939925c3b0', 'uploads/profile/user.png', '', 1, 0, '2019-08-23 10:22:53'),
(37, 'Mr. Raju V K', 288, '9387101555', '', 'b589b8b7eb6d18d924b575939925c3b0', 'uploads/profile/user.png', '', 1, 0, '2019-08-23 10:22:53'),
(38, 'Dr. Susheela Bhai R', 294, '9495611915', '', 'b589b8b7eb6d18d924b575939925c3b0', 'uploads/profile/user.png', '', 1, 0, '2019-08-23 10:22:53'),
(39, 'Mr. Gopinath C', 302, '9480530369', '', 'b589b8b7eb6d18d924b575939925c3b0', 'uploads/profile/user.png', '', 1, 0, '2019-08-23 10:22:53'),
(40, 'Dr. Krishnamurthy K S', 313, '9447867121', '', 'b589b8b7eb6d18d924b575939925c3b0', 'uploads/profile/user.png', '', 1, 0, '2019-08-23 10:22:53'),
(41, 'Dr. Mammootty K P', 316, '9497041211', '', 'b589b8b7eb6d18d924b575939925c3b0', 'uploads/profile/user.png', '', 1, 0, '2019-08-23 10:22:53'),
(42, 'Dr. Birendra Kumar', 317, '9450095841', '', 'b589b8b7eb6d18d924b575939925c3b0', 'uploads/profile/user.png', '', 1, 0, '2019-08-23 10:22:53'),
(43, 'Dr. Dhamayanthi K P M', 326, '9865753216', '', 'b589b8b7eb6d18d924b575939925c3b0', 'uploads/profile/user.png', '', 1, 0, '2019-08-23 10:22:53'),
(44, 'Dr. Singh R S', 328, '9450566166', '', 'b589b8b7eb6d18d924b575939925c3b0', 'uploads/profile/user.png', '', 1, 0, '2019-08-23 10:22:53'),
(45, 'Dr. Kanjilal P B', 329, '9954488314', '', 'b589b8b7eb6d18d924b575939925c3b0', 'uploads/profile/user.png', '', 1, 0, '2019-08-23 10:22:53'),
(46, 'Dr. Keshavachandran R', 330, '9744509473', '', 'b589b8b7eb6d18d924b575939925c3b0', 'uploads/profile/user.png', '', 1, 0, '2019-08-23 10:22:53'),
(47, 'Mr. Pare Keshavaya', 340, '9845406918', '', 'b589b8b7eb6d18d924b575939925c3b0', 'uploads/profile/user.png', '', 1, 0, '2019-08-23 10:22:53'),
(48, 'Dr. Unnikrishnan Nair P K', 346, '9400521140', '', 'b589b8b7eb6d18d924b575939925c3b0', 'uploads/profile/user.png', '', 1, 0, '2019-08-23 10:22:53'),
(49, 'Mr. Ravindranath Pai S', 355, '9447483374', '', 'b589b8b7eb6d18d924b575939925c3b0', 'uploads/profile/user.png', '', 1, 0, '2019-08-23 10:22:53'),
(50, 'Dr. Saji K V', 364, '9447043717', '', 'b589b8b7eb6d18d924b575939925c3b0', 'uploads/profile/user.png', '', 1, 0, '2019-08-23 10:22:53'),
(51, 'Mr. Bharat Bhushan Garg', 370, '9818003780', '', 'b589b8b7eb6d18d924b575939925c3b0', 'uploads/profile/user.png', '', 1, 0, '2019-08-23 10:22:53'),
(52, 'Dr. Ankegowda S J', 374, '9663069241', '', 'b589b8b7eb6d18d924b575939925c3b0', 'uploads/profile/user.png', '', 1, 0, '2019-08-23 10:22:53'),
(53, 'Mr. Arun Rengasamy Nagarajan', 375, '9842134208', '', 'b589b8b7eb6d18d924b575939925c3b0', 'uploads/profile/user.png', '', 1, 0, '2019-08-23 10:22:53'),
(54, 'Dr. Veena S S', 385, '9497536500', '', 'b589b8b7eb6d18d924b575939925c3b0', 'uploads/profile/user.png', '', 1, 0, '2019-08-23 10:22:53'),
(55, 'Mr. Lalit D Meisheri', 387, '9869201049', '', 'b589b8b7eb6d18d924b575939925c3b0', 'uploads/profile/user.png', '', 1, 0, '2019-08-23 10:22:53'),
(56, 'Dr. Rajendra Hegde', 419, '9448738297', '', 'b589b8b7eb6d18d924b575939925c3b0', 'uploads/profile/user.png', '', 1, 0, '2019-08-23 10:22:53'),
(57, 'Dr. Srinivasan V', 431, '9446163644', '', 'b589b8b7eb6d18d924b575939925c3b0', 'uploads/profile/user.png', '', 1, 0, '2019-08-23 10:22:53'),
(58, 'Prof. Yogesh Trilokinath Jasrai', 436, '8146615251', '', 'b589b8b7eb6d18d924b575939925c3b0', 'uploads/profile/user.png', '', 1, 0, '2019-08-23 10:22:53'),
(59, 'Dr. Nageswari K', 453, '9442918480', '', 'b589b8b7eb6d18d924b575939925c3b0', 'uploads/profile/user.png', '', 1, 0, '2019-08-23 10:22:53'),
(60, 'Mr. Rathanam P R', 472, '9443022800', '', 'b589b8b7eb6d18d924b575939925c3b0', 'uploads/profile/user.png', '', 1, 0, '2019-08-23 10:22:53'),
(61, 'Mr. Achaiah K C', 483, '9448142103', '', 'b589b8b7eb6d18d924b575939925c3b0', 'uploads/profile/user.png', '', 1, 0, '2019-08-23 10:22:53'),
(62, 'Mr. Kalistha D’silva', 485, '9449747907', '', 'b589b8b7eb6d18d924b575939925c3b0', 'uploads/profile/user.png', '', 1, 0, '2019-08-23 10:22:53'),
(63, 'Mr. Thimmaiah K W', 494, '9448125881', '', 'b589b8b7eb6d18d924b575939925c3b0', 'uploads/profile/user.png', '', 1, 0, '2019-08-23 10:22:53'),
(64, 'Dr. Reghunath B R', 497, '9446810469', '', 'b589b8b7eb6d18d924b575939925c3b0', 'uploads/profile/user.png', '', 1, 0, '2019-08-23 10:22:53'),
(65, 'Dr. Aundy Kumar', 500, '9447170267', '', 'b589b8b7eb6d18d924b575939925c3b0', 'uploads/profile/user.png', '', 1, 0, '2019-08-23 10:22:53'),
(66, 'Dr. Irulappan I', 501, '9444017375', '', 'b589b8b7eb6d18d924b575939925c3b0', 'uploads/profile/user.png', '', 1, 0, '2019-08-23 10:22:53'),
(67, 'Mr. Harikrishnan M', 502, '9447011713', '', 'b589b8b7eb6d18d924b575939925c3b0', 'uploads/profile/user.png', '', 1, 0, '2019-08-23 10:22:53'),
(68, 'Dr. Mani C J', 517, '9447435870', '', 'b589b8b7eb6d18d924b575939925c3b0', 'uploads/profile/user.png', '', 1, 0, '2019-08-23 10:22:53'),
(69, 'Mr. Rajesh C V', 531, '9448459149', '', 'b589b8b7eb6d18d924b575939925c3b0', 'uploads/profile/user.png', '', 1, 0, '2019-08-23 10:22:53'),
(70, 'Dr. Joseph Raj Kumar A', 539, '9447978662', '', 'b589b8b7eb6d18d924b575939925c3b0', 'uploads/profile/user.png', '', 1, 0, '2019-08-23 10:22:53'),
(71, 'Dr. Mini Raj', 543, '9388673785', '', 'b589b8b7eb6d18d924b575939925c3b0', 'uploads/profile/user.png', '', 1, 0, '2019-08-23 10:22:53'),
(72, 'Dr. Valsala P A', 548, '9447918453', '', 'b589b8b7eb6d18d924b575939925c3b0', 'uploads/profile/user.png', '', 1, 0, '2019-08-23 10:22:53'),
(73, 'Dr. Kuruvilla K M', 551, '9446290024', '', 'b589b8b7eb6d18d924b575939925c3b0', 'uploads/profile/user.png', '', 1, 0, '2019-08-23 10:22:53'),
(74, 'Dr. Backiyarani S', 561, '9965577082', '', 'b589b8b7eb6d18d924b575939925c3b0', 'uploads/profile/user.png', '', 1, 0, '2019-08-23 10:22:53'),
(75, 'Dr. Muthuswamy Murugan', 562, '8277566528', '', 'b589b8b7eb6d18d924b575939925c3b0', 'uploads/profile/user.png', '', 1, 0, '2019-08-23 10:22:53'),
(76, 'Dr. Sanjeev Agrawal', 566, '9457087642', '', 'b589b8b7eb6d18d924b575939925c3b0', 'uploads/profile/user.png', '', 1, 0, '2019-08-23 10:22:53'),
(77, 'Dr. Gayatri M C', 581, '9845508622', '', 'b589b8b7eb6d18d924b575939925c3b0', 'uploads/profile/user.png', '', 1, 0, '2019-08-23 10:22:53'),
(78, 'Dr. Devasahayam S', 590, '9447078428', '', 'b589b8b7eb6d18d924b575939925c3b0', 'uploads/profile/user.png', '', 1, 0, '2019-08-23 10:22:53'),
(79, 'Dr. Vasundhara M', 592, '9620412759', '', 'b589b8b7eb6d18d924b575939925c3b0', 'uploads/profile/user.png', '', 1, 0, '2019-08-23 10:22:53'),
(80, 'Dr. Narayana Kashi Hegde', 596, '9448626627', '', 'b589b8b7eb6d18d924b575939925c3b0', 'uploads/profile/user.png', '', 1, 0, '2019-08-23 10:22:53'),
(81, 'Ms. Sainamole Kurian P', 606, '9446530505', '', 'b589b8b7eb6d18d924b575939925c3b0', 'uploads/profile/user.png', '', 1, 0, '2019-08-23 10:22:53'),
(82, 'Dr. Haripriya K', 608, '9865634567', '', 'b589b8b7eb6d18d924b575939925c3b0', 'uploads/profile/user.png', '', 1, 0, '2019-08-23 10:22:53'),
(83, 'Dr. Shiva K N', 614, '9965726699', '', 'b589b8b7eb6d18d924b575939925c3b0', 'uploads/profile/user.png', '', 1, 0, '2019-08-23 10:22:53'),
(84, 'Mr. Krishnamoorthy B', 615, '9940510835', '', 'b589b8b7eb6d18d924b575939925c3b0', 'uploads/profile/user.png', '', 1, 0, '2019-08-23 10:22:53'),
(85, 'Dr. Shanmugasundaram K A', 617, '9486303066', '', 'b589b8b7eb6d18d924b575939925c3b0', 'uploads/profile/user.png', '', 1, 0, '2019-08-23 10:22:53'),
(86, 'Dr. Mahapatro G K', 624, '9968443944', '', 'b589b8b7eb6d18d924b575939925c3b0', 'uploads/profile/user.png', '', 1, 0, '2019-08-23 10:22:53'),
(87, 'Dr. Nybe E V', 626, '9446437975', '', 'b589b8b7eb6d18d924b575939925c3b0', 'uploads/profile/user.png', '', 1, 0, '2019-08-23 10:22:53'),
(88, 'Dr. Prakasa Rao E V S', 630, '9731128468', '', 'b589b8b7eb6d18d924b575939925c3b0', 'uploads/profile/user.png', '', 1, 0, '2019-08-23 10:22:53'),
(89, 'Dr. Rajeswara Rao B R', 631, '9441455397', '', 'b589b8b7eb6d18d924b575939925c3b0', 'uploads/profile/user.png', '', 1, 0, '2019-08-23 10:22:53'),
(90, 'Dr. Vikrama Prasad Pandey', 633, '9415717208', '', 'b589b8b7eb6d18d924b575939925c3b0', 'uploads/profile/user.png', '', 1, 0, '2019-08-23 10:22:53'),
(91, 'Mr. Vinodhan Kandiah', 640, '9443247153', '', 'b589b8b7eb6d18d924b575939925c3b0', 'uploads/profile/user.png', '', 1, 0, '2019-08-23 10:22:53'),
(92, 'Dr. Harish Chandra Singh', 645, '9455601094', '', 'b589b8b7eb6d18d924b575939925c3b0', 'uploads/profile/user.png', '', 1, 0, '2019-08-23 10:22:53'),
(93, 'Dr. Sambamurthy Reddy A G', 654, '8105604147', '', 'b589b8b7eb6d18d924b575939925c3b0', 'uploads/profile/user.png', '', 1, 0, '2019-08-23 10:22:53'),
(94, 'Dr. Pradeep Kumar T', 655, '9447300743', '', 'b589b8b7eb6d18d924b575939925c3b0', 'uploads/profile/user.png', '', 1, 0, '2019-08-23 10:22:53'),
(95, 'Dr. Suresh Kumar Malhotra', 658, '9968978191', '', 'b589b8b7eb6d18d924b575939925c3b0', 'uploads/profile/user.png', '', 1, 0, '2019-08-23 10:22:53'),
(96, 'Mr. Shankara M G', 659, '9448460154', '', 'b589b8b7eb6d18d924b575939925c3b0', 'uploads/profile/user.png', '', 1, 0, '2019-08-23 10:22:53'),
(97, 'Mr. Gautham Chand R', 672, '9443335950', '', 'b589b8b7eb6d18d924b575939925c3b0', 'uploads/profile/user.png', '', 1, 0, '2019-08-23 10:22:53'),
(98, 'Dr. Premkumar T', 673, '9447368100', '', 'b589b8b7eb6d18d924b575939925c3b0', 'uploads/profile/user.png', '', 1, 0, '2019-08-23 10:22:53'),
(99, 'Mr. Unnikrishnan V', 677, '9447083388', '', 'b589b8b7eb6d18d924b575939925c3b0', 'uploads/profile/user.png', '', 1, 0, '2019-08-23 10:22:53'),
(100, 'Mr. Sukumar A', 680, '9008744199', '', 'b589b8b7eb6d18d924b575939925c3b0', 'uploads/profile/user.png', '', 1, 0, '2019-08-23 10:22:53'),
(101, 'Dr. Mohandas C', 688, '9843643646', '', 'b589b8b7eb6d18d924b575939925c3b0', 'uploads/profile/user.png', '', 1, 0, '2019-08-23 10:22:53'),
(102, 'Dr. Radhakrishnan V V', 692, '9447524456', '', 'b589b8b7eb6d18d924b575939925c3b0', 'uploads/profile/user.png', '', 1, 0, '2019-08-23 10:22:53'),
(103, 'Dr. Selvarajan M', 696, '9003027732', '', 'b589b8b7eb6d18d924b575939925c3b0', 'uploads/profile/user.png', '', 1, 0, '2019-08-23 10:22:53'),
(104, 'Mr. Ashok Chivate', 699, '9423264888', '', 'b589b8b7eb6d18d924b575939925c3b0', 'uploads/profile/user.png', '', 1, 0, '2019-08-23 10:22:53'),
(105, 'Dr. Ishwara Bhat A', 701, '9446314506', '', 'b589b8b7eb6d18d924b575939925c3b0', 'uploads/profile/user.png', '', 1, 0, '2019-08-23 10:22:53'),
(106, 'Dr. Parthasarathy V A', 702, '9447173162', '', 'b589b8b7eb6d18d924b575939925c3b0', 'uploads/profile/user.png', '', 1, 0, '2019-08-23 10:22:53'),
(107, 'Mr. Jayaram Kumar K R', 703, '8547230333', '', 'b589b8b7eb6d18d924b575939925c3b0', 'uploads/profile/user.png', '', 1, 0, '2019-08-23 10:22:53'),
(108, 'Dr. Aipe K C', 709, '9446319561', '', 'b589b8b7eb6d18d924b575939925c3b0', 'uploads/profile/user.png', '', 1, 0, '2019-08-23 10:22:53'),
(109, 'Dr. Thomas J', 710, '9447287366', '', 'b589b8b7eb6d18d924b575939925c3b0', 'uploads/profile/user.png', '', 1, 0, '2019-08-23 10:22:53'),
(110, 'Dr. Rajeev P', 711, '9400052051', '', 'b589b8b7eb6d18d924b575939925c3b0', 'uploads/profile/user.png', '', 1, 0, '2019-08-23 10:22:53'),
(111, 'Dr. Shrishail I Hanamashetti', 713, '9448637986', '', 'b589b8b7eb6d18d924b575939925c3b0', 'uploads/profile/user.png', '', 1, 0, '2019-08-23 10:22:53'),
(112, 'Dr. Latha M', 720, '9995546541', '', 'b589b8b7eb6d18d924b575939925c3b0', 'uploads/profile/user.png', '', 1, 0, '2019-08-23 10:22:53'),
(113, 'Dr. Tamil Selvan M', 721, '8130565440', '', 'b589b8b7eb6d18d924b575939925c3b0', 'uploads/profile/user.png', '', 1, 0, '2019-08-23 10:22:53'),
(114, 'Dr. Ajit Shirodkar', 728, '9422739650', '', 'b589b8b7eb6d18d924b575939925c3b0', 'uploads/profile/user.png', '', 1, 0, '2019-08-23 10:22:53'),
(115, 'Dr. Saxena R P', 733, '9415183043', '', 'b589b8b7eb6d18d924b575939925c3b0', 'uploads/profile/user.png', '', 1, 0, '2019-08-23 10:22:53'),
(116, 'Dr. Betty Bastin', 735, '9895642148', '', 'b589b8b7eb6d18d924b575939925c3b0', 'uploads/profile/user.png', '', 1, 0, '2019-08-23 10:22:53'),
(117, 'Mr. Vinay Kumar P R', 738, '9448421929', '', 'b589b8b7eb6d18d924b575939925c3b0', 'uploads/profile/user.png', '', 1, 0, '2019-08-23 10:22:53'),
(118, 'Dr. Datta Suchand', 750, '9434228494', '', 'b589b8b7eb6d18d924b575939925c3b0', 'uploads/profile/user.png', '', 1, 0, '2019-08-23 10:22:53'),
(119, 'Dr. Khandekar R G', 751, '9422431246', '', 'b589b8b7eb6d18d924b575939925c3b0', 'uploads/profile/user.png', '', 1, 0, '2019-08-23 10:22:53'),
(120, 'Dr. Vashishtha B B', 752, '9828025191', '', 'b589b8b7eb6d18d924b575939925c3b0', 'uploads/profile/user.png', '', 1, 0, '2019-08-23 10:22:53'),
(121, 'Dr. Radhay Shyam Mehta', 753, '9166608827', '', 'b589b8b7eb6d18d924b575939925c3b0', 'uploads/profile/user.png', '', 1, 0, '2019-08-23 10:22:53'),
(122, 'Dr. Abraham Z', 754, '9480970368', '', 'b589b8b7eb6d18d924b575939925c3b0', 'uploads/profile/user.png', '', 1, 0, '2019-08-23 10:22:53'),
(123, 'Dr. Shylaja M R', 758, '9446364216', '', 'b589b8b7eb6d18d924b575939925c3b0', 'uploads/profile/user.png', '', 1, 0, '2019-08-23 10:22:53'),
(124, 'Dr. Dinesh Prasad Verma', 760, '9822037540', '', 'b589b8b7eb6d18d924b575939925c3b0', 'uploads/profile/user.png', '', 1, 0, '2019-08-23 10:22:53'),
(125, 'Dr. Deepu Mathew', 764, '9446478503', '', 'b589b8b7eb6d18d924b575939925c3b0', 'uploads/profile/user.png', '', 1, 0, '2019-08-23 10:22:53'),
(126, 'Dr. Giridhar Kalidasu', 767, '9849727719', '', 'b589b8b7eb6d18d924b575939925c3b0', 'uploads/profile/user.png', '', 1, 0, '2019-08-23 10:22:53'),
(127, 'Dr. Suresh K Tehlan', 771, '9416397714', '', 'b589b8b7eb6d18d924b575939925c3b0', 'uploads/profile/user.png', '', 1, 0, '2019-08-23 10:22:53'),
(128, 'Dr. Neerja S Rana', 772, '9418435030', '', 'b589b8b7eb6d18d924b575939925c3b0', 'uploads/profile/user.png', '', 1, 0, '2019-08-23 10:22:53'),
(129, 'Dr. Dinesh Kumar M', 775, '9449758998', '', 'b589b8b7eb6d18d924b575939925c3b0', 'uploads/profile/user.png', '', 1, 0, '2019-08-23 10:22:53'),
(130, 'Mr. Ayyavoo R', 800, '9843049995', '', 'b589b8b7eb6d18d924b575939925c3b0', 'uploads/profile/user.png', '', 1, 0, '2019-08-23 10:22:53'),
(131, 'Dr. Sheeja T E', 801, '9495760661', '', 'b589b8b7eb6d18d924b575939925c3b0', 'uploads/profile/user.png', '', 1, 0, '2019-08-23 10:22:53'),
(132, 'Dr. Dinesh R', 802, '9447296781', '', 'b589b8b7eb6d18d924b575939925c3b0', 'uploads/profile/user.png', '', 1, 0, '2019-08-23 10:22:53'),
(133, 'Dr. Utpala Parthasarathy', 803, '9446073162', '', 'b589b8b7eb6d18d924b575939925c3b0', 'uploads/profile/user.png', '', 1, 0, '2019-08-23 10:22:53'),
(134, 'Mr. Abraham Jacob', 804, '9447153944', '', 'b589b8b7eb6d18d924b575939925c3b0', 'uploads/profile/user.png', '', 1, 0, '2019-08-23 10:22:53'),
(135, 'Dr. Lakshmi Narayanan S', 807, '9443711973', '', 'b589b8b7eb6d18d924b575939925c3b0', 'uploads/profile/user.png', '', 1, 0, '2019-08-23 10:22:53'),
(136, 'Dr. Sivakumar G', 810, '9481190013', '', 'b589b8b7eb6d18d924b575939925c3b0', 'uploads/profile/user.png', '', 1, 0, '2019-08-23 10:22:53'),
(137, 'Dr. Keisar Lourdusamy D', 812, '9444142422', '', 'b589b8b7eb6d18d924b575939925c3b0', 'uploads/profile/user.png', '', 1, 0, '2019-08-23 10:22:53'),
(138, 'Dr. Prasath D', 813, '9495639838', '', 'b589b8b7eb6d18d924b575939925c3b0', 'uploads/profile/user.png', '', 1, 0, '2019-08-23 10:22:53'),
(139, 'Mr. Dilip Kumar Singh', 820, '9840022940', '', 'b589b8b7eb6d18d924b575939925c3b0', 'uploads/profile/user.png', '', 1, 0, '2019-08-23 10:22:53'),
(140, 'Dr. Rajamanikkam C', 821, '9443778075', '', 'b589b8b7eb6d18d924b575939925c3b0', 'uploads/profile/user.png', '', 1, 0, '2019-08-23 10:22:53'),
(141, 'Dr. Senthil Kumar R', 822, '9663796473', '', 'b589b8b7eb6d18d924b575939925c3b0', 'uploads/profile/user.png', '', 1, 0, '2019-08-23 10:22:53'),
(142, 'Dr. Jayashree E', 834, '9497693527', '', 'b589b8b7eb6d18d924b575939925c3b0', 'uploads/profile/user.png', '', 1, 0, '2019-08-23 10:22:53'),
(143, 'Mr. Gadre Uday Anant', 845, '9422544036', '', 'b589b8b7eb6d18d924b575939925c3b0', 'uploads/profile/user.png', '', 1, 0, '2019-08-23 10:22:53'),
(144, 'Dr. Jessykutty P C', 846, '9497484060', '', 'b589b8b7eb6d18d924b575939925c3b0', 'uploads/profile/user.png', '', 1, 0, '2019-08-23 10:22:53'),
(145, 'Dr. Inder Singh Naruka', 854, '9425938327', '', 'b589b8b7eb6d18d924b575939925c3b0', 'uploads/profile/user.png', '', 1, 0, '2019-08-23 10:22:53'),
(146, 'Dr. Sumer Singh Meena', 857, '9414290547', '', 'b589b8b7eb6d18d924b575939925c3b0', 'uploads/profile/user.png', '', 1, 0, '2019-08-23 10:22:53'),
(147, 'Dr. Raj Kumar Singh', 858, '9199423505', '', 'b589b8b7eb6d18d924b575939925c3b0', 'uploads/profile/user.png', '', 1, 0, '2019-08-23 10:22:53'),
(148, 'Dr. Dhirendra Singh', 860, '9414592948', '', 'b589b8b7eb6d18d924b575939925c3b0', 'uploads/profile/user.png', '', 1, 0, '2019-08-23 10:22:53'),
(149, 'Dr. Shesh Mani Tripathi', 863, '9450339630', '', 'b589b8b7eb6d18d924b575939925c3b0', 'uploads/profile/user.png', '', 1, 0, '2019-08-23 10:22:53'),
(150, 'Dr. Kempe Gowda K', 864, '9480015198', '', 'b589b8b7eb6d18d924b575939925c3b0', 'uploads/profile/user.png', '', 1, 0, '2019-08-23 10:22:53'),
(151, 'Dr. Anjani Kumar Jha', 867, '9402507059', '', 'b589b8b7eb6d18d924b575939925c3b0', 'uploads/profile/user.png', '', 1, 0, '2019-08-23 10:22:53'),
(152, 'Dr. Narsimha Rao Bezawada', 868, '9949789462', '', 'b589b8b7eb6d18d924b575939925c3b0', 'uploads/profile/user.png', '', 1, 0, '2019-08-23 10:22:53'),
(153, 'Dr. Sulekha G R', 869, '9495121681', '', 'b589b8b7eb6d18d924b575939925c3b0', 'uploads/profile/user.png', '', 1, 0, '2019-08-23 10:22:53'),
(154, 'Dr. Subash Chandra Mohapatra', 870, '9437464682', '', 'b589b8b7eb6d18d924b575939925c3b0', 'uploads/profile/user.png', '', 1, 0, '2019-08-23 10:22:53'),
(155, 'Dr. Akhil Baruah', 873, '9435509244', '', 'b589b8b7eb6d18d924b575939925c3b0', 'uploads/profile/user.png', '', 1, 0, '2019-08-23 10:22:53'),
(156, 'Dr. Padmanabha Reddy Y', 875, '9848543932', '', 'b589b8b7eb6d18d924b575939925c3b0', 'uploads/profile/user.png', '', 1, 0, '2019-08-23 10:22:53'),
(157, 'Dr. Phatik Tamuli', 881, '9435188753', '', 'b589b8b7eb6d18d924b575939925c3b0', 'uploads/profile/user.png', '', 1, 0, '2019-08-23 10:22:53'),
(158, 'Dr. Rameshkumar K B', 882, '9446376431', '', 'b589b8b7eb6d18d924b575939925c3b0', 'uploads/profile/user.png', '', 1, 0, '2019-08-23 10:22:53'),
(159, 'Dr. Mathew Dan', 886, '9447730214', '', 'b589b8b7eb6d18d924b575939925c3b0', 'uploads/profile/user.png', '', 1, 0, '2019-08-23 10:22:53'),
(160, 'Dr. Abirami K', 887, '9933278631', '', 'b589b8b7eb6d18d924b575939925c3b0', 'uploads/profile/user.png', '', 1, 0, '2019-08-23 10:22:53'),
(161, 'Dr. Agalodiya Abbas Valibhai', 888, '9974097530', '', 'b589b8b7eb6d18d924b575939925c3b0', 'uploads/profile/user.png', '', 1, 0, '2019-08-23 10:22:53'),
(162, 'Dr. Amin Anilkumar Umedbhai ', 889, '9724306812', '', 'b589b8b7eb6d18d924b575939925c3b0', 'uploads/profile/user.png', '', 1, 0, '2019-08-23 10:22:53'),
(163, 'Dr. Patel Nareshkumar Ramanlal', 891, '9898332107', '', 'b589b8b7eb6d18d924b575939925c3b0', 'uploads/profile/user.png', '', 1, 0, '2019-08-23 10:22:53'),
(164, 'Dr. Joseph Chacko Panickar', 893, '9845229972', '', 'b589b8b7eb6d18d924b575939925c3b0', 'uploads/profile/user.png', '', 1, 0, '2019-08-23 10:22:53'),
(165, 'Dr. Ratnoo S D', 897, '9414269366', '', 'b589b8b7eb6d18d924b575939925c3b0', 'uploads/profile/user.png', '', 1, 0, '2019-08-23 10:22:53'),
(166, 'Dr. Shamina Azeez', 899, '9739190022', '', 'b589b8b7eb6d18d924b575939925c3b0', 'uploads/profile/user.png', '', 1, 0, '2019-08-23 10:22:53'),
(167, 'Dr. Swarnapriya R', 901, '9443118008', '', 'b589b8b7eb6d18d924b575939925c3b0', 'uploads/profile/user.png', '', 1, 0, '2019-08-23 10:22:53'),
(168, 'Dr. Aishwath O P', 906, '9588213100', '', 'b589b8b7eb6d18d924b575939925c3b0', 'uploads/profile/user.png', '', 1, 0, '2019-08-23 10:22:53'),
(169, 'Dr. Surya Kumari S', 909, '9440781590', '', 'b589b8b7eb6d18d924b575939925c3b0', 'uploads/profile/user.png', '', 1, 0, '2019-08-23 10:22:53'),
(170, 'Dr. Neema V P', 910, '9447314007', '', 'b589b8b7eb6d18d924b575939925c3b0', 'uploads/profile/user.png', '', 1, 0, '2019-08-23 10:22:53'),
(171, 'Dr. Uma Jyothi K', 911, '9490440456', '', 'b589b8b7eb6d18d924b575939925c3b0', 'uploads/profile/user.png', '', 1, 0, '2019-08-23 10:22:53'),
(172, 'Dr. Basudev Behera', 912, '9437087984', '', 'b589b8b7eb6d18d924b575939925c3b0', 'uploads/profile/user.png', '', 1, 0, '2019-08-23 10:22:53'),
(173, 'Prof. Sisir Kumar Mitra', 913, '9432174249', '', 'b589b8b7eb6d18d924b575939925c3b0', 'uploads/profile/user.png', '', 1, 0, '2019-08-23 10:22:53'),
(174, 'Dr. Rashid Pervez', 916, '9495167578', '', 'b589b8b7eb6d18d924b575939925c3b0', 'uploads/profile/user.png', '', 1, 0, '2019-08-23 10:22:53'),
(175, 'Dr. Biju C N', 917, '9446085229', '', 'b589b8b7eb6d18d924b575939925c3b0', 'uploads/profile/user.png', '', 1, 0, '2019-08-23 10:22:53'),
(176, 'Mr. Mohammed Hidayeth Ulla Machagodanahalli Estate', 919, '9448658363', '', 'b589b8b7eb6d18d924b575939925c3b0', 'uploads/profile/user.png', '', 1, 0, '2019-08-23 10:22:53'),
(177, 'Dr. Daravath Lakshmi Narayana', 920, '9603252042', '', 'b589b8b7eb6d18d924b575939925c3b0', 'uploads/profile/user.png', '', 1, 0, '2019-08-23 10:22:53'),
(178, 'Prof. Anupam Pariari', 923, '9477156733', '', 'b589b8b7eb6d18d924b575939925c3b0', 'uploads/profile/user.png', '', 1, 0, '2019-08-23 10:22:53'),
(179, 'Dr. Suryanarayana M A', 924, '9480425827', '', 'b589b8b7eb6d18d924b575939925c3b0', 'uploads/profile/user.png', '', 1, 0, '2019-08-23 10:22:53'),
(180, 'Dr. Hima Bindu K', 925, '9449040463', '', 'b589b8b7eb6d18d924b575939925c3b0', 'uploads/profile/user.png', '', 1, 0, '2019-08-23 10:22:53'),
(181, 'Dr. Amit Baran Sharangi', 930, '9433313117', '', 'b589b8b7eb6d18d924b575939925c3b0', 'uploads/profile/user.png', '', 1, 0, '2019-08-23 10:22:53'),
(182, 'Mr. Jayarajan K', 933, '9048638381', '', 'b589b8b7eb6d18d924b575939925c3b0', 'uploads/profile/user.png', '', 1, 0, '2019-08-23 10:22:53'),
(183, 'Dr. Saraladevi D', 936, '9894016360', '', 'b589b8b7eb6d18d924b575939925c3b0', 'uploads/profile/user.png', '', 1, 0, '2019-08-23 10:22:53'),
(184, 'Dr. Kadam Jitendra Kumar Hanamant ', 937, '9822449789', '', 'b589b8b7eb6d18d924b575939925c3b0', 'uploads/profile/user.png', '', 1, 0, '2019-08-23 10:22:53'),
(185, 'Dr. Homey Cheriyan', 938, '9495365854', '', 'b589b8b7eb6d18d924b575939925c3b0', 'uploads/profile/user.png', '', 1, 0, '2019-08-23 10:22:53'),
(186, 'Dr. Binu Mathew', 939, '9436337013', '', 'b589b8b7eb6d18d924b575939925c3b0', 'uploads/profile/user.png', '', 1, 0, '2019-08-23 10:22:53'),
(187, 'Dr. Bidyut Chandan Deka', 941, '9436349416', '', 'b589b8b7eb6d18d924b575939925c3b0', 'uploads/profile/user.png', '', 1, 0, '2019-08-23 10:22:53'),
(188, 'Dr. Jaisankar I', 942, '9474274410', '', 'b589b8b7eb6d18d924b575939925c3b0', 'uploads/profile/user.png', '', 1, 0, '2019-08-23 10:22:53'),
(189, 'Dr. Balasubramanian S', 943, '9907685170', '', 'b589b8b7eb6d18d924b575939925c3b0', 'uploads/profile/user.png', '', 1, 0, '2019-08-23 10:22:53'),
(190, 'Dr. Prajapati D B', 944, '9429384207', '', 'b589b8b7eb6d18d924b575939925c3b0', 'uploads/profile/user.png', '', 1, 0, '2019-08-23 10:22:53'),
(191, 'Dr. Mohammed M Anwer', 945, '9440573533', '', 'b589b8b7eb6d18d924b575939925c3b0', 'uploads/profile/user.png', '', 1, 0, '2019-08-23 10:22:53'),
(192, 'Dr. Saju K A', 947, '9481370144', '', 'b589b8b7eb6d18d924b575939925c3b0', 'uploads/profile/user.png', '', 1, 0, '2019-08-23 10:22:53'),
(193, 'Dr. Praveena R', 962, '9447568555', '', 'b589b8b7eb6d18d924b575939925c3b0', 'uploads/profile/user.png', '', 1, 0, '2019-08-23 10:22:53'),
(194, 'Dr. Guru Prasad T R', 963, '9480085966', '', 'b589b8b7eb6d18d924b575939925c3b0', 'uploads/profile/user.png', '', 1, 0, '2019-08-23 10:22:53'),
(195, 'Ms. Krishna Radhika N', 964, '9447749002', '', 'b589b8b7eb6d18d924b575939925c3b0', 'uploads/profile/user.png', '', 1, 0, '2019-08-23 10:22:53'),
(196, 'Mr. Dinesh Babaria', 965, '9993755505', '', 'b589b8b7eb6d18d924b575939925c3b0', 'uploads/profile/user.png', '', 1, 0, '2019-08-23 10:22:53'),
(197, 'Dr. Peter P I', 966, '9381050172', '', 'b589b8b7eb6d18d924b575939925c3b0', 'uploads/profile/user.png', '', 1, 0, '2019-08-23 10:22:53'),
(198, 'Dr. Santosh J Gahukar', 967, '9921004345', '', 'b589b8b7eb6d18d924b575939925c3b0', 'uploads/profile/user.png', '', 1, 0, '2019-08-23 10:22:53'),
(199, 'Dr. Subhra Saikat Roy', 968, '9436891040', '', 'b589b8b7eb6d18d924b575939925c3b0', 'uploads/profile/user.png', '', 1, 0, '2019-08-23 10:22:53'),
(200, 'Dr. Tembhurne B V', 969, '8867196042', '', 'b589b8b7eb6d18d924b575939925c3b0', 'uploads/profile/user.png', '', 1, 0, '2019-08-23 10:22:53'),
(201, 'Dr. Arumuganathan T', 970, '7598460007', '', 'b589b8b7eb6d18d924b575939925c3b0', 'uploads/profile/user.png', '', 1, 0, '2019-08-23 10:22:53'),
(202, 'Dr. Neena Thakur', 971, '8547580039', '', 'b589b8b7eb6d18d924b575939925c3b0', 'uploads/profile/user.png', '', 1, 0, '2019-08-23 10:22:53'),
(203, 'Dr. Gopal Lal', 972, '9414609649', '', 'b589b8b7eb6d18d924b575939925c3b0', 'uploads/profile/user.png', '', 1, 0, '2019-08-23 10:22:53'),
(204, 'Dr. Divakara Sastry E V', 973, '9414819002', '', 'b589b8b7eb6d18d924b575939925c3b0', 'uploads/profile/user.png', '', 1, 0, '2019-08-23 10:22:53'),
(205, 'Dr. Tamal Mondal', 974, '9832708918', '', 'b589b8b7eb6d18d924b575939925c3b0', 'uploads/profile/user.png', '', 1, 0, '2019-08-23 10:22:53'),
(206, 'Mr. Hoysala M G', 977, '9449682430', '', 'b589b8b7eb6d18d924b575939925c3b0', 'uploads/profile/user.png', '', 1, 0, '2019-08-23 10:22:53'),
(207, 'Mr. Chandrasekar N N', 978, '9449252585', '', 'b589b8b7eb6d18d924b575939925c3b0', 'uploads/profile/user.png', '', 1, 0, '2019-08-23 10:22:53'),
(208, 'Mr. Pramod C P', 979, '9448648619', '', 'b589b8b7eb6d18d924b575939925c3b0', 'uploads/profile/user.png', '', 1, 0, '2019-08-23 10:22:53'),
(209, 'Dr. Indira Devi G', 980, '9447171367', '', 'b589b8b7eb6d18d924b575939925c3b0', 'uploads/profile/user.png', '', 1, 0, '2019-08-23 10:22:53'),
(210, 'Dr. Suma B', 981, '9495463927', '', 'b589b8b7eb6d18d924b575939925c3b0', 'uploads/profile/user.png', '', 1, 0, '2019-08-23 10:22:53'),
(211, 'Dr. Ponnuswami V', 983, '9442228048', '', 'b589b8b7eb6d18d924b575939925c3b0', 'uploads/profile/user.png', '', 1, 0, '2019-08-23 10:22:53'),
(212, 'Dr. Sharad Kumar Tiwari', 984, '9724167973', '', 'b589b8b7eb6d18d924b575939925c3b0', 'uploads/profile/user.png', '', 1, 0, '2019-08-23 10:22:53'),
(213, 'Mr. Nirup B B', 987, '9449206078', '', 'b589b8b7eb6d18d924b575939925c3b0', 'uploads/profile/user.png', '', 1, 0, '2019-08-23 10:22:53'),
(214, 'Dr. Sandeep Chopra', 988, '9419280313', '', 'b589b8b7eb6d18d924b575939925c3b0', 'uploads/profile/user.png', '', 1, 0, '2019-08-23 10:22:53'),
(215, 'Dr. Chaudhary M R', 989, '9799392369', '', 'b589b8b7eb6d18d924b575939925c3b0', 'uploads/profile/user.png', '', 1, 0, '2019-08-23 10:22:53'),
(216, 'Dr. Amod Sharma', 990, '9436004211', '', 'b589b8b7eb6d18d924b575939925c3b0', 'uploads/profile/user.png', '', 1, 0, '2019-08-23 10:22:53'),
(217, 'Mr. Oommen P John', 991, '9497107201', '', 'b589b8b7eb6d18d924b575939925c3b0', 'uploads/profile/user.png', '', 1, 0, '2019-08-23 10:22:53'),
(218, 'Mr. Ravindra Kumar', 992, '9491838982', '', 'b589b8b7eb6d18d924b575939925c3b0', 'uploads/profile/user.png', '', 1, 0, '2019-08-23 10:22:53'),
(219, 'Dr. Dwivedi N K', 993, '9446452333', '', 'b589b8b7eb6d18d924b575939925c3b0', 'uploads/profile/user.png', '', 1, 0, '2019-08-23 10:22:53'),
(220, 'Dr. Mishra A K', 994, '9973218436', '', 'b589b8b7eb6d18d924b575939925c3b0', 'uploads/profile/user.png', '', 1, 0, '2019-08-23 10:22:53'),
(221, 'Dr. Singh S P', 995, '8292122462', '', 'b589b8b7eb6d18d924b575939925c3b0', 'uploads/profile/user.png', '', 1, 0, '2019-08-23 10:22:53'),
(222, 'Prof. Ranabir Chatterjee', 996, '9800144832', '', 'b589b8b7eb6d18d924b575939925c3b0', 'uploads/profile/user.png', '', 1, 0, '2019-08-23 10:22:53'),
(223, 'Dr. Paramaguru P', 997, '9442328942', '', 'b589b8b7eb6d18d924b575939925c3b0', 'uploads/profile/user.png', '', 1, 0, '2019-08-23 10:22:53'),
(224, 'Prof. Pramod W Ramteke', 998, '9415124985', '', 'b589b8b7eb6d18d924b575939925c3b0', 'uploads/profile/user.png', '', 1, 0, '2019-08-23 10:22:53'),
(225, 'Ms. Archana C P', 999, '9995353398', '', 'b589b8b7eb6d18d924b575939925c3b0', 'uploads/profile/user.png', '', 1, 0, '2019-08-23 10:22:53'),
(226, 'Dr. Senthil Kumar C M', 1000, '9496168555', '', 'b589b8b7eb6d18d924b575939925c3b0', 'uploads/profile/user.png', '', 1, 0, '2019-08-23 10:22:53'),
(227, 'Dr. Jacob T K', 1001, '9447539967', '', 'b589b8b7eb6d18d924b575939925c3b0', 'uploads/profile/user.png', '', 1, 0, '2019-08-23 10:22:53'),
(228, 'Mr. Mootera Ganapathy Starson', 1002, '9481770722', '', 'b589b8b7eb6d18d924b575939925c3b0', 'uploads/profile/user.png', '', 1, 0, '2019-08-23 10:22:53'),
(229, 'Ms. Umadevi P', 1004, '8943022844', '', 'b589b8b7eb6d18d924b575939925c3b0', 'uploads/profile/user.png', '', 1, 0, '2019-08-23 10:22:53'),
(230, 'Dr. Raju Lal Bhardwaj', 1007, '9414932949', '', 'b589b8b7eb6d18d924b575939925c3b0', 'uploads/profile/user.png', '', 1, 0, '2019-08-23 10:22:53'),
(231, 'Dr. Sindhu S', 1008, '9447383692', '', 'b589b8b7eb6d18d924b575939925c3b0', 'uploads/profile/user.png', '', 1, 0, '2019-08-23 10:22:53'),
(232, 'Mr. Vijayakumar B Narayanpur', 1010, '9448586554', '', 'b589b8b7eb6d18d924b575939925c3b0', 'uploads/profile/user.png', '', 1, 0, '2019-08-23 10:22:53'),
(233, 'Mrs. Radha E', 1011, '9495339179', '', 'b589b8b7eb6d18d924b575939925c3b0', 'uploads/profile/user.png', '', 1, 0, '2019-08-23 10:22:53'),
(234, 'Dr. Manivannan S', 1012, '7602878189', '', 'b589b8b7eb6d18d924b575939925c3b0', 'uploads/profile/user.png', '', 1, 0, '2019-08-23 10:22:53'),
(235, 'Dr. Naveen Garg', 1013, '9417084075', '', 'b589b8b7eb6d18d924b575939925c3b0', 'uploads/profile/user.png', '', 1, 0, '2019-08-23 10:22:53'),
(236, 'Dr. Jyoti V Vastrad', 1014, '9448777421', '', 'b589b8b7eb6d18d924b575939925c3b0', 'uploads/profile/user.png', '', 1, 0, '2019-08-23 10:22:53'),
(237, 'Dr. Satya Pal Singh', 1015, '9414931579', '', 'b589b8b7eb6d18d924b575939925c3b0', 'uploads/profile/user.png', '', 1, 0, '2019-08-23 10:22:53'),
(238, 'Dr. Om Prakash Garhwal', 1016, '9414236210', '', 'b589b8b7eb6d18d924b575939925c3b0', 'uploads/profile/user.png', '', 1, 0, '2019-08-23 10:22:53'),
(239, 'Dr. Anju Jain', 1017, '9968965006', '', 'b589b8b7eb6d18d924b575939925c3b0', 'uploads/profile/user.png', '', 1, 0, '2019-08-23 10:22:53'),
(240, 'Mr. Pavan Sudev', 1018, '8173290290', '', 'b589b8b7eb6d18d924b575939925c3b0', 'uploads/profile/user.png', '', 1, 0, '2019-08-23 10:22:53'),
(241, 'Mr. Jagadeesh K M', 1019, '9448053060', '', 'b589b8b7eb6d18d924b575939925c3b0', 'uploads/profile/user.png', '', 1, 0, '2019-08-23 10:22:53'),
(242, 'Mr. Appanna K M', 1020, '9448647775', '', 'b589b8b7eb6d18d924b575939925c3b0', 'uploads/profile/user.png', '', 1, 0, '2019-08-23 10:22:53'),
(243, 'Mr. Karumbaiah B B K', 1021, '9986599497', '', 'b589b8b7eb6d18d924b575939925c3b0', 'uploads/profile/user.png', '', 1, 0, '2019-08-23 10:22:53'),
(244, 'Mr. Muthanna B A', 1022, '9448175497', '', 'b589b8b7eb6d18d924b575939925c3b0', 'uploads/profile/user.png', '', 1, 0, '2019-08-23 10:22:53'),
(245, 'Dr. Deepa Sharma', 1023, '9418824017', '', 'b589b8b7eb6d18d924b575939925c3b0', 'uploads/profile/user.png', '', 1, 0, '2019-08-23 10:22:53'),
(246, 'Dr. Geetha Lakshmi I', 1024, '9952512191', '', 'b589b8b7eb6d18d924b575939925c3b0', 'uploads/profile/user.png', '', 1, 0, '2019-08-23 10:22:53'),
(247, 'Dr. Sathish G', 1025, '9488562096', '', 'b589b8b7eb6d18d924b575939925c3b0', 'uploads/profile/user.png', '', 1, 0, '2019-08-23 10:22:53'),
(248, 'Dr. Chitra R', 1026, '9942766922', '', 'b589b8b7eb6d18d924b575939925c3b0', 'uploads/profile/user.png', '', 1, 0, '2019-08-23 10:22:53'),
(249, 'Dr. Mini Poduval', 1027, '9434990054', '', 'b589b8b7eb6d18d924b575939925c3b0', 'uploads/profile/user.png', '', 1, 0, '2019-08-23 10:22:53'),
(250, 'Dr. Manoj Oommen', 1028, '9447660050', '', 'b589b8b7eb6d18d924b575939925c3b0', 'uploads/profile/user.png', '', 1, 0, '2019-08-23 10:22:53'),
(251, 'Mr. Nanda Belliappa', 1029, '9448034416', '', 'b589b8b7eb6d18d924b575939925c3b0', 'uploads/profile/user.png', '', 1, 0, '2019-08-23 10:22:53'),
(252, 'Mr. Nusrath Ali', 1030, '9902359689', '', 'b589b8b7eb6d18d924b575939925c3b0', 'uploads/profile/user.png', '', 1, 0, '2019-08-23 10:22:53'),
(253, 'Mr. Mohd. Sameer Ahmed', 1031, '9845862340', '', 'b589b8b7eb6d18d924b575939925c3b0', 'uploads/profile/user.png', '', 1, 0, '2019-08-23 10:22:53'),
(254, 'Mr. Khurram Meraj', 1032, '9844076465', '', 'b589b8b7eb6d18d924b575939925c3b0', 'uploads/profile/user.png', '', 1, 0, '2019-08-23 10:22:53'),
(255, 'Mr. Sathya Prasad K', 1033, '9343652107', '', 'b589b8b7eb6d18d924b575939925c3b0', 'uploads/profile/user.png', '', 1, 0, '2019-08-23 10:22:53'),
(256, 'Mr. Channegowda C', 1034, '9448401016', '', 'b589b8b7eb6d18d924b575939925c3b0', 'uploads/profile/user.png', '', 1, 0, '2019-08-23 10:22:53'),
(257, 'Mr. Avinash Gowda H S', 1035, '9448971562', '', 'b589b8b7eb6d18d924b575939925c3b0', 'uploads/profile/user.png', '', 1, 0, '2019-08-23 10:22:53'),
(258, 'Mr. Gopala Gowda', 1036, '9448261364', '', 'b589b8b7eb6d18d924b575939925c3b0', 'uploads/profile/user.png', '', 1, 0, '2019-08-23 10:22:53'),
(259, 'Mr. Nanjappa B C', 1037, '9448108390', '', 'b589b8b7eb6d18d924b575939925c3b0', 'uploads/profile/user.png', '', 1, 0, '2019-08-23 10:22:53'),
(260, 'Dr. Balraj Singh', 1038, '8104736333', '', 'b589b8b7eb6d18d924b575939925c3b0', 'uploads/profile/user.png', '', 1, 0, '2019-08-23 10:22:53'),
(261, 'Ms. Devika Chittiappa Rao', 1040, '9448450400', '', 'b589b8b7eb6d18d924b575939925c3b0', 'uploads/profile/user.png', '', 1, 0, '2019-08-23 10:22:53'),
(262, 'Mr. Kallangada P Subbaiah', 1041, '9379133943', '', 'b589b8b7eb6d18d924b575939925c3b0', 'uploads/profile/user.png', '', 1, 0, '2019-08-23 10:22:53'),
(263, 'Mr. Muthappa M D', 1042, '9448874204', '', 'b589b8b7eb6d18d924b575939925c3b0', 'uploads/profile/user.png', '', 1, 0, '2019-08-23 10:22:53'),
(264, 'Dr. Sunnichan V George', 1043, '9995206164', '', 'b589b8b7eb6d18d924b575939925c3b0', 'uploads/profile/user.png', '', 1, 0, '2019-08-23 10:22:53'),
(265, 'M/s. Rodic Coffee Estate (P) Ltd.', 1044, '9483042589', '', 'b589b8b7eb6d18d924b575939925c3b0', 'uploads/profile/user.png', '', 1, 0, '2019-08-23 10:22:53'),
(266, 'Mr. Vinay Ganapathy U S', 1045, '9902845066', '', 'b589b8b7eb6d18d924b575939925c3b0', 'uploads/profile/user.png', '', 1, 0, '2019-08-23 10:22:53'),
(267, 'Mr. Nauzil P H', 1046, '9901310325', '', 'b589b8b7eb6d18d924b575939925c3b0', 'uploads/profile/user.png', '', 1, 0, '2019-08-23 10:22:53'),
(268, 'Mr. Himay Meisheri', 1048, '9819704426', '', 'b589b8b7eb6d18d924b575939925c3b0', 'uploads/profile/user.png', '', 1, 0, '2019-08-23 10:22:53'),
(269, 'Col. Ajjaiah N K', 1049, '8762515660', '', 'b589b8b7eb6d18d924b575939925c3b0', 'uploads/profile/user.png', '', 1, 0, '2019-08-23 10:22:53'),
(270, 'Dr. Bini Yogiyarkundil', 1050, '9995191873', '', 'b589b8b7eb6d18d924b575939925c3b0', 'uploads/profile/user.png', '', 1, 0, '2019-08-23 10:22:53'),
(271, 'Mr. Subhankar Mukherjee', 1052, '9477355692', '', 'b589b8b7eb6d18d924b575939925c3b0', 'uploads/profile/user.png', '', 1, 0, '2019-08-23 10:22:53'),
(272, 'Mr. Jayaraj S B', 1053, '9945499080', '', 'b589b8b7eb6d18d924b575939925c3b0', 'uploads/profile/user.png', '', 1, 0, '2019-08-23 10:22:53'),
(273, 'Mr. Dinesh K P', 1054, '9980060334', '', 'b589b8b7eb6d18d924b575939925c3b0', 'uploads/profile/user.png', '', 1, 0, '2019-08-23 10:22:53'),
(274, 'Mr. Prasad M C', 1055, '9448976418', '', 'b589b8b7eb6d18d924b575939925c3b0', 'uploads/profile/user.png', '', 1, 0, '2019-08-23 10:22:53'),
(275, 'Ms. Aarthi S', 1056, '9361222252', '', 'b589b8b7eb6d18d924b575939925c3b0', 'uploads/profile/user.png', '', 1, 0, '2019-08-23 10:22:53'),
(276, 'Ms. Akshitha H J', 1057, '9739732442', '', 'b589b8b7eb6d18d924b575939925c3b0', 'uploads/profile/user.png', '', 1, 0, '2019-08-23 10:22:53'),
(277, 'Dr. Rajendran P', 1058, '9447186158', '', 'b589b8b7eb6d18d924b575939925c3b0', 'uploads/profile/user.png', '', 1, 0, '2019-08-23 10:22:53'),
(278, 'Dr. Tomson Mani', 1059, '9947395616', '', 'b589b8b7eb6d18d924b575939925c3b0', 'uploads/profile/user.png', '', 1, 0, '2019-08-23 10:22:53'),
(279, 'Mr. Siddalingappa U S', 1060, '9019607111', '', 'b589b8b7eb6d18d924b575939925c3b0', 'uploads/profile/user.png', '', 1, 0, '2019-08-23 10:22:53'),
(280, 'Dr. (Mrs.) Gargi Deepak Shirke', 1061, '9420527261', '', 'b589b8b7eb6d18d924b575939925c3b0', 'uploads/profile/user.png', '', 1, 0, '2019-08-23 10:22:53'),
(281, 'Mr. Akhil Sood', 1062, '9868232382', '', 'b589b8b7eb6d18d924b575939925c3b0', 'uploads/profile/user.png', '', 1, 0, '2019-08-23 10:22:53'),
(282, 'Mr. Mahendran R', 1063, '9750968418', '', 'b589b8b7eb6d18d924b575939925c3b0', 'uploads/profile/user.png', '', 1, 0, '2019-08-23 10:22:53'),
(283, 'Ms. Sarika Shinde', 1064, '7709608591', '', 'b589b8b7eb6d18d924b575939925c3b0', 'uploads/profile/user.png', '', 1, 0, '2019-08-23 10:22:53'),
(284, 'Dr. Pradip Kumar K', 1065, '8547138279', '', 'b589b8b7eb6d18d924b575939925c3b0', 'uploads/profile/user.png', '', 1, 0, '2019-08-23 10:22:53'),
(285, 'Dr. Amar Chand Shivran', 1068, '9414517546', '', 'b589b8b7eb6d18d924b575939925c3b0', 'uploads/profile/user.png', '', 1, 0, '2019-08-23 10:22:53'),
(286, 'Dr. Sanat Kumar Dwibedi', 1069, '9437160265', '', 'b589b8b7eb6d18d924b575939925c3b0', 'uploads/profile/user.png', '', 1, 0, '2019-08-23 10:22:53'),
(287, 'Mr. Padmanaban R', 1070, '9443142391', '', 'b589b8b7eb6d18d924b575939925c3b0', 'uploads/profile/user.png', '', 1, 0, '2019-08-23 10:22:53'),
(288, 'Prof. Sawant Vishal', 1071, '9545150033', '', 'b589b8b7eb6d18d924b575939925c3b0', 'uploads/profile/user.png', '', 1, 0, '2019-08-23 10:22:53'),
(289, 'Mr. Siddhesh Pradeep Salvi', 1072, '9405891970', '', 'b589b8b7eb6d18d924b575939925c3b0', 'uploads/profile/user.png', '', 1, 0, '2019-08-23 10:22:53'),
(290, 'Mr. Dwarakanathan D', 1073, '7305880900', '', 'b589b8b7eb6d18d924b575939925c3b0', 'uploads/profile/user.png', '', 1, 0, '2019-08-23 10:22:53'),
(291, 'Mr. Sathyendran N', 1074, '9843032200', '', 'b589b8b7eb6d18d924b575939925c3b0', 'uploads/profile/user.png', '', 1, 0, '2019-08-23 10:22:53'),
(292, 'Mr. Subramaniam N', 1075, '9843117574', '', 'b589b8b7eb6d18d924b575939925c3b0', 'uploads/profile/user.png', '', 1, 0, '2019-08-23 10:22:53'),
(293, 'Dr. Ivan Aranha', 1076, '9845700052', '', 'b589b8b7eb6d18d924b575939925c3b0', 'uploads/profile/user.png', '', 1, 0, '2019-08-23 10:22:53'),
(294, 'Dr. Sabu K K', 1077, '9895211299', '', 'b589b8b7eb6d18d924b575939925c3b0', 'uploads/profile/user.png', '', 1, 0, '2019-08-23 10:22:53'),
(295, 'Dr. Augustine Jerard B', 1078, '9447064463', '', 'b589b8b7eb6d18d924b575939925c3b0', 'uploads/profile/user.png', '', 1, 0, '2019-08-23 10:22:53'),
(296, 'Dr. Jayaraj P', 1079, '9446960736', '', 'b589b8b7eb6d18d924b575939925c3b0', 'uploads/profile/user.png', '', 1, 0, '2019-08-23 10:22:53'),
(297, 'Mr. Apana Subaiya', 1080, '9945247150', '', 'b589b8b7eb6d18d924b575939925c3b0', 'uploads/profile/user.png', '', 1, 0, '2019-08-23 10:22:53'),
(298, 'Mr. Bopanna M B', 1081, '9900175227', '', 'b589b8b7eb6d18d924b575939925c3b0', 'uploads/profile/user.png', '', 1, 0, '2019-08-23 10:22:53'),
(299, 'Dr. Lijo Thomas', 1082, '8589902677', '', 'b589b8b7eb6d18d924b575939925c3b0', 'uploads/profile/user.png', '', 1, 0, '2019-08-23 10:22:53'),
(300, 'Dr. Sharon Aravind', 1083, '9447029429', '', 'b589b8b7eb6d18d924b575939925c3b0', 'uploads/profile/user.png', '', 1, 0, '2019-08-23 10:22:53'),
(301, 'Mr. Prasannan O', 1084, '9446310645', '', 'b589b8b7eb6d18d924b575939925c3b0', 'uploads/profile/user.png', '', 1, 0, '2019-08-23 10:22:53'),
(302, 'Ms. Majji Anitha', 1085, '8981548812', '', 'b589b8b7eb6d18d924b575939925c3b0', 'uploads/profile/user.png', '', 1, 0, '2019-08-23 10:22:53'),
(303, 'Dr. Rajesh Kumar Singh', 1087, '9881303443', '', 'b589b8b7eb6d18d924b575939925c3b0', 'uploads/profile/user.png', '', 1, 0, '2019-08-23 10:22:53'),
(304, 'Mr. Muhammed Nissar V A', 1088, '9447837377', '', 'b589b8b7eb6d18d924b575939925c3b0', 'uploads/profile/user.png', '', 1, 0, '2019-08-23 10:22:53'),
(305, 'Ms. Sumitha S', 1089, '9895571735', '', 'b589b8b7eb6d18d924b575939925c3b0', 'uploads/profile/user.png', '', 1, 0, '2019-08-23 10:22:53'),
(306, 'Dr. Thondaiman V', 1090, '9942725528', '', 'b589b8b7eb6d18d924b575939925c3b0', 'uploads/profile/user.png', '', 1, 0, '2019-08-23 10:22:53'),
(307, 'Mr. Anok Uchoi', 1091, '9859910575', '', 'b589b8b7eb6d18d924b575939925c3b0', 'uploads/profile/user.png', '', 1, 0, '2019-08-23 10:22:53'),
(308, 'Dr. Ajit Arun Waman', 1092, '9933263441', '', 'b589b8b7eb6d18d924b575939925c3b0', 'uploads/profile/user.png', '', 1, 0, '2019-08-23 10:22:53'),
(309, 'M/s. World Spice Organisation', 1093, '9895233117', '', 'b589b8b7eb6d18d924b575939925c3b0', 'uploads/profile/user.png', '', 1, 0, '2019-08-23 10:22:53'),
(310, 'Mr. Honnappa Asangi', 1094, '9902026647', '', 'b589b8b7eb6d18d924b575939925c3b0', 'uploads/profile/user.png', '', 1, 0, '2019-08-23 10:22:53'),
(311, 'Mr. Aravind D', 1095, '9448853895', '', 'b589b8b7eb6d18d924b575939925c3b0', 'uploads/profile/user.png', '', 1, 0, '2019-08-23 10:22:53'),
(312, 'M/s. KASAM', 1096, '9438088630', '', 'b589b8b7eb6d18d924b575939925c3b0', 'uploads/profile/user.png', '', 1, 0, '2019-08-23 10:22:53'),
(313, 'Dr. Neema M', 1097, '9495848463', '', 'b589b8b7eb6d18d924b575939925c3b0', 'uploads/profile/user.png', '', 1, 0, '2019-08-23 10:22:53'),
(314, 'Mr. Shashikanth Patil', 1098, '9666304375', '', 'b589b8b7eb6d18d924b575939925c3b0', 'uploads/profile/user.png', '', 1, 0, '2019-08-23 10:22:53'),
(315, 'Dr. Soumendra Chakraborty', 1099, '9474092958', '', 'b589b8b7eb6d18d924b575939925c3b0', 'uploads/profile/user.png', '', 1, 0, '2019-08-23 10:22:53'),
(316, 'Dr. Maiti C S', 1100, '9436015716', '', 'b589b8b7eb6d18d924b575939925c3b0', 'uploads/profile/user.png', '', 1, 0, '2019-08-23 10:22:53'),
(317, 'Dr. Parshuram Sial', 1101, '9437526117', '', 'b589b8b7eb6d18d924b575939925c3b0', 'uploads/profile/user.png', '', 1, 0, '2019-08-23 10:22:53'),
(318, 'Dr. Girish Kumar Mittal', 1102, '9413195665', '', 'b589b8b7eb6d18d924b575939925c3b0', 'uploads/profile/user.png', '', 1, 0, '2019-08-23 10:22:53'),
(319, 'Dr. Preeti Verma', 1103, '9460415069', '', 'b589b8b7eb6d18d924b575939925c3b0', 'uploads/profile/user.png', '', 1, 0, '2019-08-23 10:22:53'),
(320, 'Dr. Ramesh Kumar Solanki', 1104, '9414013668', '', 'b589b8b7eb6d18d924b575939925c3b0', 'uploads/profile/user.png', '', 1, 0, '2019-08-23 10:22:53'),
(321, 'Dr. Mohammed Faisal Peeran', 1105, '8903218148', '', 'b589b8b7eb6d18d924b575939925c3b0', 'uploads/profile/user.png', '', 1, 0, '2019-08-23 10:22:53'),
(322, 'Mrs. Aparna Veluru', 1106, '9495848463', '', 'b589b8b7eb6d18d924b575939925c3b0', 'uploads/profile/user.png', '', 1, 0, '2019-08-23 10:22:53'),
(323, 'Dr. Ratha Krishnan P', 1107, '9468816159', '', 'b589b8b7eb6d18d924b575939925c3b0', 'uploads/profile/user.png', '', 1, 0, '2019-08-23 10:22:53'),
(324, 'Mr. Ravichand', 1108, '9945321111', '', 'b589b8b7eb6d18d924b575939925c3b0', 'uploads/profile/user.png', '', 1, 0, '2019-08-23 10:22:53'),
(325, 'Dr. Alagupalamuthirsolai M', 1109, '9449452951', '', 'b589b8b7eb6d18d924b575939925c3b0', 'uploads/profile/user.png', '', 1, 0, '2019-08-23 10:22:53'),
(326, 'Prof. Hanchinal R R', 1111, '8130578889', '', 'b589b8b7eb6d18d924b575939925c3b0', 'uploads/profile/user.png', '', 1, 0, '2019-08-23 10:22:53'),
(327, 'Dr. Ram Suman Mishra', 1112, '9450045737', '', 'b589b8b7eb6d18d924b575939925c3b0', 'uploads/profile/user.png', '', 1, 0, '2019-08-23 10:22:53'),
(328, 'Dr. Madhava Naidu M', 1113, '9483522022', '', 'b589b8b7eb6d18d924b575939925c3b0', 'uploads/profile/user.png', '', 1, 0, '2019-08-23 10:22:53'),
(329, 'Mr. Kathirvel N', 1114, '9842262256', '', 'b589b8b7eb6d18d924b575939925c3b0', 'uploads/profile/user.png', '', 1, 0, '2019-08-23 10:22:53'),
(330, 'Mr. Balu P', 1115, '9442236708', '', 'b589b8b7eb6d18d924b575939925c3b0', 'uploads/profile/user.png', '', 1, 0, '2019-08-23 10:22:53'),
(331, 'Dr. Jagadeesan R', 1116, '9750566600', '', 'b589b8b7eb6d18d924b575939925c3b0', 'uploads/profile/user.png', '', 1, 0, '2019-08-23 10:22:53'),
(332, 'Dr. Ambethgar V', 1117, '9442875303', '', 'b589b8b7eb6d18d924b575939925c3b0', 'uploads/profile/user.png', '', 1, 0, '2019-08-23 10:22:53'),
(333, 'Dr. Jansirani P', 1118, '9994425720', '', 'b589b8b7eb6d18d924b575939925c3b0', 'uploads/profile/user.png', '', 1, 0, '2019-08-23 10:22:53'),
(334, 'Mr. Siddharth Priyadarshi', 1119, '9844232439', '', 'b589b8b7eb6d18d924b575939925c3b0', 'uploads/profile/user.png', '', 1, 0, '2019-08-23 10:22:53'),
(335, 'Mr. Sathappan P R', 1120, '9442217247', '', 'b589b8b7eb6d18d924b575939925c3b0', 'uploads/profile/user.png', '', 1, 0, '2019-08-23 10:22:53'),
(336, 'Mr. Vinay Belluru', 1121, '9448166678', '', 'b589b8b7eb6d18d924b575939925c3b0', 'uploads/profile/user.png', '', 1, 0, '2019-08-23 10:22:53'),
(337, 'Dr. Susheel Sharma', 1122, '9797546592', '', 'b589b8b7eb6d18d924b575939925c3b0', 'uploads/profile/user.png', '', 1, 0, '2019-08-23 10:22:53'),
(338, 'Ms. Krishna P B', 1123, '9495232160', '', 'b589b8b7eb6d18d924b575939925c3b0', 'uploads/profile/user.png', '', 1, 0, '2019-08-23 10:22:53');
INSERT INTO `members` (`member_id`, `username`, `member_no`, `mobile`, `email`, `password`, `image`, `auth`, `status`, `payment_status`, `timestamp`) VALUES
(339, 'Ms. Bijitha Suveen', 1124, '9846296205', '', 'b589b8b7eb6d18d924b575939925c3b0', 'uploads/profile/user.png', '', 1, 0, '2019-08-23 10:22:53'),
(340, 'Mrs. Sreeja K', 1125, '9846355351', '', 'b589b8b7eb6d18d924b575939925c3b0', 'uploads/profile/user.png', '', 1, 0, '2019-08-23 10:22:53'),
(341, 'Ms. Sangeetha K S', 1126, '9497246229', '', 'b589b8b7eb6d18d924b575939925c3b0', 'uploads/profile/user.png', '', 1, 0, '2019-08-23 10:22:53'),
(342, 'Ms. Sonia N S', 1127, '8129448004', '', 'b589b8b7eb6d18d924b575939925c3b0', 'uploads/profile/user.png', '', 1, 0, '2019-08-23 10:22:53'),
(343, 'Dr. Bibhuti Bhusan Sahoo', 1128, '9438183461', '', 'b589b8b7eb6d18d924b575939925c3b0', 'uploads/profile/user.png', '', 1, 0, '2019-08-23 10:22:53'),
(344, 'Mr. Noushad A K', 1129, '9496475477', '', 'b589b8b7eb6d18d924b575939925c3b0', 'uploads/profile/user.png', '', 1, 0, '2019-08-23 10:22:53'),
(345, 'Dr. Vikram H C', 1130, '9744791608', '', 'b589b8b7eb6d18d924b575939925c3b0', 'uploads/profile/user.png', '', 1, 0, '2019-08-23 10:22:53'),
(346, 'Dr. Aiswariya K K', 1131, '9567804551', '', 'b589b8b7eb6d18d924b575939925c3b0', 'uploads/profile/user.png', '', 1, 0, '2019-08-23 10:22:53'),
(347, 'Dr. Mariya Dainy M S', 1132, '8281645449', '', 'b589b8b7eb6d18d924b575939925c3b0', 'uploads/profile/user.png', '', 1, 0, '2019-08-23 10:22:53'),
(348, 'Ms. Sivaranjani R', 1133, '7708582608', '', 'b589b8b7eb6d18d924b575939925c3b0', 'uploads/profile/user.png', '', 1, 0, '2019-08-23 10:22:53'),
(349, 'Mr. Jilella Srinivasa Reddy', 1134, '9000104980', '', 'b589b8b7eb6d18d924b575939925c3b0', 'uploads/profile/user.png', '', 1, 0, '2019-08-23 10:22:53'),
(350, 'Dr. Karthikeyan S', 1135, '9965435081', '', 'b589b8b7eb6d18d924b575939925c3b0', 'uploads/profile/user.png', '', 1, 0, '2019-08-23 10:22:53'),
(351, 'Prof. Dipak Kumar Ghosh', 1136, '9433947041', '', 'b589b8b7eb6d18d924b575939925c3b0', 'uploads/profile/user.png', '', 1, 0, '2019-08-23 10:22:53'),
(352, 'Mr. Vivek K T', 1137, '9449759180', '', 'b589b8b7eb6d18d924b575939925c3b0', 'uploads/profile/user.png', '', 1, 0, '2019-08-23 10:22:53'),
(353, 'Mr. Jose Mathew', 1138, '9446010630', '', 'b589b8b7eb6d18d924b575939925c3b0', 'uploads/profile/user.png', '', 1, 0, '2019-08-23 10:22:53'),
(354, 'Mr. Ashish Ranjan Mohanty', 1140, '9437132215', '', 'b589b8b7eb6d18d924b575939925c3b0', 'uploads/profile/user.png', '', 1, 0, '2019-08-23 10:22:53'),
(355, 'Mr. Ashish Kumar Kanesh', 1141, '9685253055', '', 'b589b8b7eb6d18d924b575939925c3b0', 'uploads/profile/user.png', '', 1, 0, '2019-08-23 10:22:53'),
(356, 'Dr. Sarathambal C', 1142, '9407372156', '', 'b589b8b7eb6d18d924b575939925c3b0', 'uploads/profile/user.png', '', 1, 0, '2019-08-23 10:22:53'),
(357, 'Dr. Suresh J', 1143, '9942186853', '', 'b589b8b7eb6d18d924b575939925c3b0', 'uploads/profile/user.png', '', 1, 0, '2019-08-23 10:22:53'),
(358, 'Dr. Rajamani K', 1144, '9047033352', '', 'b589b8b7eb6d18d924b575939925c3b0', 'uploads/profile/user.png', '', 1, 0, '2019-08-23 10:22:53'),
(359, 'Dr. Senthamizh Selvi B', 1145, '9965973791', '', 'b589b8b7eb6d18d924b575939925c3b0', 'uploads/profile/user.png', '', 1, 0, '2019-08-23 10:22:53'),
(360, 'Dr. Jegadeeswari V', 1146, '9788795488', '', 'b589b8b7eb6d18d924b575939925c3b0', 'uploads/profile/user.png', '', 1, 0, '2019-08-23 10:22:53'),
(361, 'Dr. Sunil L Ghavale', 1147, '9421375872', '', 'b589b8b7eb6d18d924b575939925c3b0', 'uploads/profile/user.png', '', 1, 0, '2019-08-23 10:22:53'),
(362, 'Dr. Shivakumar M S', 1149, '9449963088', '', 'b589b8b7eb6d18d924b575939925c3b0', 'uploads/profile/user.png', '', 1, 0, '2019-08-23 10:22:53'),
(363, 'Dr. Shinde Shashikant Bharat', 1150, '9403173266', '', 'b589b8b7eb6d18d924b575939925c3b0', 'uploads/profile/user.png', '', 1, 0, '2019-08-23 10:22:53'),
(364, 'Dr. Kusum Kumar Deka', 1151, '7399160409', '', 'b589b8b7eb6d18d924b575939925c3b0', 'uploads/profile/user.png', '', 1, 0, '2019-08-23 10:22:53'),
(365, 'Dr. Mir G Hassan', 1152, '9469297635', '', 'b589b8b7eb6d18d924b575939925c3b0', 'uploads/profile/user.png', '', 1, 0, '2019-08-23 10:22:53'),
(366, 'Head, HRS, Dr. YSRHU', 1153, '7382633690', '', 'b589b8b7eb6d18d924b575939925c3b0', 'uploads/profile/user.png', '', 1, 0, '2019-08-23 10:22:53'),
(367, 'Dr. Bhoomika H R', 1154, '9741009131', '', 'b589b8b7eb6d18d924b575939925c3b0', 'uploads/profile/user.png', '', 1, 0, '2019-08-23 10:22:53'),
(368, 'Dr. Femina P S', 1155, '9400092148', '', 'b589b8b7eb6d18d924b575939925c3b0', 'uploads/profile/user.png', '', 1, 0, '2019-08-23 10:22:53'),
(369, 'Ms. Anusree Thampi', 1156, '9605814119', '', 'b589b8b7eb6d18d924b575939925c3b0', 'uploads/profile/user.png', '', 1, 0, '2019-08-23 10:22:53'),
(370, 'Dr. Balakumbahan R', 1157, '9688427067', '', 'b589b8b7eb6d18d924b575939925c3b0', 'uploads/profile/user.png', '', 1, 0, '2019-08-23 10:22:53'),
(371, 'Ms. Annie P Varghese', 1158, '9496815851', '', 'b589b8b7eb6d18d924b575939925c3b0', 'uploads/profile/user.png', '', 1, 0, '2019-08-23 10:22:53'),
(372, 'Ms. Vedashree M', 1159, '8748857519', '', 'b589b8b7eb6d18d924b575939925c3b0', 'uploads/profile/user.png', '', 1, 0, '2019-08-23 10:22:53'),
(373, 'Dr. Jalaja S Menon', 1160, '9446141724', '', 'b589b8b7eb6d18d924b575939925c3b0', 'uploads/profile/user.png', '', 1, 0, '2019-08-23 10:22:53'),
(374, 'Dr. Jeevalatha A', 1161, '9816027052', '', 'b589b8b7eb6d18d924b575939925c3b0', 'uploads/profile/user.png', '', 1, 0, '2019-08-23 10:22:53'),
(375, 'Dr. Anandharamakrishnan C', 1162, '9750968433', '', 'b589b8b7eb6d18d924b575939925c3b0', 'uploads/profile/user.png', '', 1, 0, '2019-08-23 10:22:53'),
(376, 'Dr. Sellaperumal C', 1163, '8765847851', '', 'b589b8b7eb6d18d924b575939925c3b0', 'uploads/profile/user.png', '', 1, 0, '2019-08-23 10:22:53'),
(377, 'Dr. Kalyani Gorrepati', 1164, '7875239939', '', 'b589b8b7eb6d18d924b575939925c3b0', 'uploads/profile/user.png', '', 1, 0, '2019-08-23 10:22:53'),
(378, 'Dr. Manjunatha J R', 1165, '9481819384', '', 'b589b8b7eb6d18d924b575939925c3b0', 'uploads/profile/user.png', '', 1, 0, '2019-08-23 10:22:53'),
(379, 'Dr. Anil Kumar K', 1166, '9886624545', '', 'b589b8b7eb6d18d924b575939925c3b0', 'uploads/profile/user.png', '', 1, 0, '2019-08-23 10:22:53'),
(380, 'Dr. Balaji Rajkumar M', 1167, '9005044754', '', 'b589b8b7eb6d18d924b575939925c3b0', 'uploads/profile/user.png', '', 1, 0, '2019-08-23 10:22:53'),
(381, 'Dr. Shrikant Laxmikantrao Sawargaonkar', 1168, '9970464828', '', 'b589b8b7eb6d18d924b575939925c3b0', 'uploads/profile/user.png', '', 1, 0, '2019-08-23 10:22:53'),
(382, 'Dr. Mahender B', 1169, '9441532072', '', 'b589b8b7eb6d18d924b575939925c3b0', 'uploads/profile/user.png', '', 1, 0, '2019-08-23 10:22:53'),
(383, 'Dr. Sivakumar V', 1170, '7382024496', '', 'b589b8b7eb6d18d924b575939925c3b0', 'uploads/profile/user.png', '', 1, 0, '2019-08-23 10:22:53'),
(384, 'Dr. Shivakumar L', 1171, '7760240257', '', 'b589b8b7eb6d18d924b575939925c3b0', 'uploads/profile/user.png', '', 1, 0, '2019-08-23 10:22:53'),
(385, 'Dr. Pitchai Murugesan', 1172, '9447213281', '', 'b589b8b7eb6d18d924b575939925c3b0', 'uploads/profile/user.png', '', 1, 0, '2019-08-23 10:22:53'),
(386, 'Dr. Pauline Alila', 1173, '9436012736', '', 'b589b8b7eb6d18d924b575939925c3b0', 'uploads/profile/user.png', '', 1, 0, '2019-08-23 10:22:53'),
(387, 'M/s. Hi-7 Agri Bio-Solutions', 1175, '7799247145', '', 'b589b8b7eb6d18d924b575939925c3b0', 'uploads/profile/user.png', '', 1, 0, '2019-08-23 10:22:53'),
(388, 'M/s. North East Organic', 1177, '8811095093', '', 'b589b8b7eb6d18d924b575939925c3b0', 'uploads/profile/user.png', '', 1, 0, '2019-08-23 10:22:53'),
(389, 'Dr. Arvind Kumar Verma', 1178, '9636564913', '', 'b589b8b7eb6d18d924b575939925c3b0', 'uploads/profile/user.png', '', 1, 0, '2019-08-23 10:22:53'),
(390, 'Dr. Maumita Bandyopadhyay', 1179, '9830324204', '', 'b589b8b7eb6d18d924b575939925c3b0', 'uploads/profile/user.png', '', 1, 0, '2019-08-23 10:22:53'),
(391, 'Dr. Sreetama Bhadra', 1180, '9830931305', '', 'b589b8b7eb6d18d924b575939925c3b0', 'uploads/profile/user.png', '', 1, 0, '2019-08-23 10:22:53'),
(392, 'Dr. Anees K', 1181, '9308773652', '', 'b589b8b7eb6d18d924b575939925c3b0', 'uploads/profile/user.png', '', 1, 0, '2019-08-23 10:22:53'),
(393, 'Dr. Manoj Deelip Mali', 1182, '9403773614', '', 'b589b8b7eb6d18d924b575939925c3b0', 'uploads/profile/user.png', '', 1, 0, '2019-08-23 10:22:53'),
(394, 'Dr. Moti Lal Mehriya', 1183, '9414663289', '', 'b589b8b7eb6d18d924b575939925c3b0', 'uploads/profile/user.png', '', 1, 0, '2019-08-23 10:22:53'),
(395, 'Dr. Prabhu M', 1184, '9442383568', '', 'b589b8b7eb6d18d924b575939925c3b0', 'uploads/profile/user.png', '', 1, 0, '2019-08-23 10:22:53'),
(396, 'Dr. Azeze Seyie', 1185, '7085962272', '', 'b589b8b7eb6d18d924b575939925c3b0', 'uploads/profile/user.png', '', 1, 0, '2019-08-23 10:22:53'),
(397, 'Dr. Era Vaidya Malhotra', 1186, '9990088680', '', 'b589b8b7eb6d18d924b575939925c3b0', 'uploads/profile/user.png', '', 1, 0, '2019-08-23 10:22:53'),
(398, 'M/s. Perkin Elmer (India) Pvt. Ltd.', 1187, '9654604001', '', 'b589b8b7eb6d18d924b575939925c3b0', 'uploads/profile/user.png', '', 1, 0, '2019-08-23 10:22:53'),
(399, 'Mr. Vikram M', 1188, '9740393693', '', 'b589b8b7eb6d18d924b575939925c3b0', 'uploads/profile/user.png', '', 1, 0, '2019-08-23 10:22:53'),
(400, 'Dr. Irene Vethamoni P', 1189, '9488904772', '', 'b589b8b7eb6d18d924b575939925c3b0', 'uploads/profile/user.png', '', 1, 0, '2019-08-23 10:22:53'),
(401, 'Dr. Chongtham Tania', 1190, '8131992042', '', 'b589b8b7eb6d18d924b575939925c3b0', 'uploads/profile/user.png', '', 1, 0, '2019-08-23 10:22:53'),
(402, 'Praveen S Nair', 0, '+919846237384', 'praveen.chklde@gmail.com', 'ab0f4ef70547d808638b75727b5d7f21', 'uploads/profile/user.png', 'q4iiQ0EYY40ttCNsm39C', 1, 0, '2019-08-27 06:19:10'),
(403, 'Ishwara Bhat ', 0, '9446314503', 'aib65@yahoo.co.in', '3c65b972fef119a6a80dcd210ee40d37', 'uploads/profile/user.png', 'vF0lbSmnruTMGqCkQifO', 1, 0, '2019-09-01 16:08:14'),
(404, 'test12', 0, '87937563901', 'test1@test.com', '60474c9c10d7142b7508ce7a50acf414', 'uploads/profile/user201909051036.png', 'Mmg6MWamtqS13cH5QMlw', 1, 1, '2019-09-06 09:28:28'),
(405, 'test', 0, '8793756390', 'test@test.com', 'd41d8cd98f00b204e9800998ecf8427e', 'uploads/profile/member.png', '5kjCNtLqIIbSs0gT0y25', 0, 1, '2019-09-05 10:00:33'),
(406, 'Jeeshna t.k', 0, '9048897240', 'jeeshnashylaja1@gmail.com', '7484af5a9b1cc5655a9e8ba3772b6c07', 'uploads/profile/user.png', '1VCJC8RFhY5c8EGOjOZK', 1, 0, '2019-10-05 10:46:23'),
(407, 'Jeeshna t.k', 0, '7012141584', 'jee@gmail.com', '9ae0c10e1d0394134a61a04243d1eee8', 'uploads/profile/user.png', '7BkXIeOYjHK3yoDaBaIT', 1, 0, '2019-10-12 04:48:30'),
(408, 'jeeshna', 0, '9048897245', 'g@gmail.com', '7484af5a9b1cc5655a9e8ba3772b6c07', 'uploads/profile/user.png', 'IZ8eKul46S7niIwoQ5mp', 1, 0, '2019-10-22 09:20:16');

-- --------------------------------------------------------

--
-- Table structure for table `messages`
--

CREATE TABLE `messages` (
  `id` bigint(20) NOT NULL,
  `message` text NOT NULL,
  `date` timestamp NULL DEFAULT NULL,
  `member_id` int(11) NOT NULL
) ENGINE=InnoDB DEFAULT CHARSET=latin1;

--
-- Dumping data for table `messages`
--

INSERT INTO `messages` (`id`, `message`, `date`, `member_id`) VALUES
(2, 'Good morning', '2019-06-19 06:22:40', 1),
(3, 'Good morning', '2019-06-19 06:23:01', 1),
(4, 'Hello', '2019-06-19 06:28:52', 1),
(5, 'Test', '2019-06-19 06:29:00', 1),
(6, 'Hi', '2019-06-19 06:29:04', 1),
(7, 'test', '2019-06-19 06:29:11', 1),
(8, 'iss\n', '2019-06-19 06:29:21', 1),
(9, 'indian society of spices\n', '2019-06-19 06:29:41', 1),
(10, '0', '2019-06-19 06:34:26', 1),
(11, '1', '2019-06-19 06:34:26', 1),
(12, '2', '2019-06-19 06:34:26', 1),
(13, '3', '2019-06-19 06:34:26', 1),
(14, '4', '2019-06-19 06:34:26', 1),
(15, '5', '2019-06-19 06:34:26', 1),
(16, '6', '2019-06-19 06:34:26', 1),
(17, '7', '2019-06-19 06:34:26', 1),
(18, '8', '2019-06-19 06:34:26', 1),
(19, '9', '2019-06-19 06:34:26', 1),
(20, '10', '2019-06-19 06:34:26', 1),
(21, '11', '2019-06-19 06:34:26', 1),
(22, '12', '2019-06-19 06:34:26', 1),
(23, '13', '2019-06-19 06:34:26', 1),
(24, '14', '2019-06-19 06:34:26', 1),
(25, '15', '2019-06-19 06:34:26', 1),
(26, '16', '2019-06-19 06:34:26', 1),
(27, '17', '2019-06-19 06:34:26', 1),
(28, '18', '2019-06-19 06:34:26', 1),
(29, '19', '2019-06-19 06:34:26', 1),
(30, '20', '2019-06-19 06:34:26', 1),
(31, '21', '2019-06-19 06:34:26', 1),
(32, '22', '2019-06-19 06:34:26', 1),
(33, '23', '2019-06-19 06:34:26', 1),
(34, '24', '2019-06-19 06:34:26', 1),
(35, '25', '2019-06-19 06:34:26', 1),
(36, '26', '2019-06-19 06:34:26', 1),
(37, '27', '2019-06-19 06:34:26', 1),
(38, '28', '2019-06-19 06:34:26', 1),
(39, '29', '2019-06-19 06:34:26', 1),
(40, '30', '2019-06-19 06:34:26', 1),
(41, '31', '2019-06-19 06:34:26', 1),
(42, '32', '2019-06-19 06:34:26', 1),
(43, '33', '2019-06-19 06:34:26', 1),
(44, '34', '2019-06-19 06:34:26', 1),
(45, '35', '2019-06-19 06:34:26', 1),
(46, '36', '2019-06-19 06:34:26', 1),
(47, '37', '2019-06-19 06:34:26', 1),
(48, '38', '2019-06-19 06:34:26', 1),
(49, '39', '2019-06-19 06:34:26', 1),
(50, '40', '2019-06-19 06:34:26', 1),
(51, '41', '2019-06-19 06:34:26', 1),
(52, '42', '2019-06-19 06:34:26', 1),
(53, '43', '2019-06-19 06:34:26', 1),
(54, '44', '2019-06-19 06:34:26', 1),
(55, '45', '2019-06-19 06:34:26', 1),
(56, '46', '2019-06-19 06:34:26', 1),
(57, '47', '2019-06-19 06:34:26', 1),
(58, '48', '2019-06-19 06:34:26', 1),
(59, '49', '2019-06-19 06:34:26', 1),
(60, 'test', '2019-06-18 20:30:00', 1),
(61, 'Nabeel', '2019-06-20 11:47:23', 6),
(62, 'Oii', '2019-06-20 14:36:53', 6),
(63, 'Oii', '2019-06-20 14:36:59', 6),
(64, 'Oii', '2019-06-20 14:41:54', 6),
(65, 'indian society of spices\n', '2019-06-20 14:51:04', 6),
(66, 'indian society of spices\n', '2019-06-20 14:52:18', 6),
(67, 'Iss', '2019-06-20 16:28:05', 6),
(68, 'Ho', '2019-06-20 17:27:42', 6),
(69, 'Bb', '2019-06-20 17:30:25', 6),
(70, 'Hello', '2019-06-21 08:59:29', 8),
(71, 'Hello', '2019-06-21 08:59:41', 8),
(72, 'Dgf', '2019-06-21 09:38:34', 6),
(73, 'sssssss', '2019-06-21 10:10:47', 4),
(74, 'Oo', '2019-06-21 10:49:46', 6),
(75, 'We', '2019-06-21 10:56:46', 6),
(76, 'indian society of spices\n', '2019-06-21 11:00:27', 1),
(77, 'indian society of spices\nHello this is testing', '2019-06-21 11:00:50', 1),
(78, 'Dddd', '2019-06-21 11:01:04', 6),
(79, 'This is a test message ', '2019-06-21 11:55:34', 4),
(80, 'h h j x ', '2019-06-21 11:57:48', 4),
(81, 'my xjxkxkxkx', '2019-06-21 11:58:55', 4),
(82, 'hi', '2019-06-21 13:48:21', 4),
(83, 'hiiii', '2019-06-21 14:02:42', 4),
(84, 'Helllloooo', '2019-06-21 14:02:50', 4),
(85, 'Hi', '2019-06-21 14:28:02', 8),
(86, 'Hello', '2019-06-21 15:19:20', 8),
(87, 'hi', '2019-06-21 15:20:08', 4),
(88, 'hi', '2019-06-21 15:20:09', 4),
(89, 'Hii', '2019-06-21 15:20:18', 8),
(90, 'how r u?', '2019-06-21 15:21:40', 4),
(91, 'how r u?', '2019-06-21 15:21:41', 4),
(92, 'how r uuuuuuuuuuu?', '2019-06-21 15:22:25', 4),
(93, 'hhhhhh', '2019-06-21 15:23:46', 4),
(94, 'hhhhhh', '2019-06-21 15:23:47', 4),
(95, 'hhhjhhhhhhhhbbbvvv', '2019-06-21 15:24:22', 4),
(96, 'hhhjhhhhhhhhbbbvvv', '2019-06-21 15:24:23', 4),
(97, 'yuyhyg', '2019-06-21 15:24:38', 4),
(98, 'yuyhyg', '2019-06-21 15:24:38', 4),
(99, 'Helllo', '2019-06-21 15:25:34', 8),
(100, 'Hiii', '2019-06-21 15:30:43', 8),
(101, 'hii', '2019-06-21 15:39:06', 4),
(102, 'hii', '2019-06-21 15:39:07', 4),
(103, 'hi', '2019-06-21 16:20:27', 4),
(104, 'hi', '2019-06-21 16:20:29', 4),
(105, 'hi', '2019-06-21 16:23:12', 4),
(106, 'dndbbdbd', '2019-06-21 16:26:31', 4),
(107, 'dndbbdbd', '2019-06-21 16:26:31', 4),
(108, 'xbxbvdvvdvddbdvbddvbdxbdbbdhdhdhh jdjdnjfjdjgh', '2019-06-21 16:27:15', 4),
(109, 'hi', '2019-06-21 16:30:57', 4),
(110, 'hi', '2019-06-21 16:30:57', 4),
(111, 'hello', '2019-06-21 16:31:05', 4),
(112, 'yi', '2019-06-21 16:41:24', 4),
(113, 'yi', '2019-06-21 16:41:26', 4),
(114, 'hhshdhdhhdhhhhdhhd fbndhdhhd', '2019-06-21 16:41:37', 4),
(115, 'last one', '2019-06-21 16:41:57', 4),
(116, 'last one', '2019-06-21 16:41:57', 4),
(117, 'yy', '2019-06-21 16:46:16', 4),
(118, 'yy', '2019-06-21 16:46:17', 4),
(119, 'ghfggy', '2019-06-21 16:46:37', 4),
(120, 'ghfggy', '2019-06-21 16:46:38', 4),
(121, 'hh', '2019-06-21 16:48:16', 4),
(122, 'hh', '2019-06-21 16:48:18', 4),
(123, 'hh', '2019-06-21 16:48:27', 4),
(124, 'great thanks', '2019-06-21 16:48:49', 4),
(125, 'You are welcom', '2019-06-21 16:50:01', 8),
(126, 'Thank uuu', '2019-06-21 16:50:33', 8),
(127, 'Are u there?', '2019-06-21 16:51:03', 8),
(128, 'yes', '2019-06-21 16:51:11', 4),
(129, 'yes', '2019-06-21 16:51:12', 4),
(130, 'yes', '2019-06-21 16:51:12', 4),
(131, 'hhh', '2019-06-21 16:51:34', 4),
(132, 'hhh', '2019-06-21 16:51:35', 4),
(133, 'xcgh', '2019-06-22 08:39:07', 4),
(134, 'c', '2019-06-22 10:25:52', 4),
(135, 'f', '2019-06-22 10:26:09', 4),
(136, 'f', '2019-06-22 10:26:10', 4),
(137, 'Assa', '2019-06-22 10:43:45', 6),
(138, 'g', '2019-06-22 11:00:58', 4),
(139, 'aaaa', '2019-06-22 11:39:45', 4),
(140, 'vvbhh', '2019-06-22 11:39:58', 4),
(141, 'an ', '2019-06-22 11:40:04', 4),
(142, 'v', '2019-06-22 11:49:33', 4),
(143, 'v', '2019-06-22 11:49:33', 4),
(144, 's', '2019-06-22 11:49:57', 4),
(145, 's', '2019-06-22 11:49:59', 4),
(146, 'g', '2019-06-22 12:05:59', 4),
(147, 'm', '2019-06-22 12:06:35', 4),
(148, 'verify', '2019-06-22 14:31:22', 4),
(149, 'aaa', '2019-06-22 15:03:04', 4),
(150, 'ccg', '2019-06-22 15:03:20', 4),
(151, 'a', '2019-06-22 15:05:39', 4),
(152, 'asdf', '2019-06-22 15:05:46', 4),
(153, 'asdfg', '2019-06-22 15:07:29', 4),
(154, 'Asdfgh', '2019-06-22 15:41:34', 6),
(155, 'Test', '2019-06-22 16:12:24', 6),
(156, 'Qwerty', '2019-06-22 16:48:13', 6),
(157, 'Aaaa', '2019-06-22 16:48:33', 6),
(158, 'Aaa', '2019-06-24 08:48:33', 6),
(159, 'test', '2019-06-24 08:53:22', 6),
(160, 'Hhhhh', '2019-06-24 09:01:17', 6),
(161, 'L', '2019-06-24 09:04:13', 6),
(162, 'Dgh', '2019-06-24 09:06:02', 6),
(163, 'A', '2019-06-24 09:08:57', 6),
(164, 'B', '2019-06-24 09:09:05', 6),
(165, 'sdf', '2019-06-24 09:09:14', 4),
(166, 'Chhh', '2019-06-24 09:09:20', 6),
(167, 'Fggg', '2019-06-24 09:09:35', 6),
(168, 'Asdf', '2019-06-24 09:11:42', 6),
(169, 'Dtyi', '2019-06-24 09:11:54', 6),
(170, 'xk ', '2019-06-24 09:12:01', 4),
(171, 'Dryii', '2019-06-24 09:12:13', 6),
(172, 'Lsfhjjjkj', '2019-06-24 09:22:15', 6),
(173, 'xgjj', '2019-06-24 09:22:24', 4),
(174, 'Dgh', '2019-06-24 09:22:34', 6),
(175, 'f', '2019-06-25 14:15:06', 4),
(176, 'addf', '2019-06-25 14:16:13', 4),
(177, 'cgg', '2019-06-25 14:16:21', 4),
(178, 'jjj', '2019-06-25 14:16:30', 4),
(179, 'h', '2019-06-25 14:17:45', 4),
(180, 'm', '2019-06-25 14:17:50', 4),
(181, 'n', '2019-06-25 14:18:20', 4),
(182, 'djj', '2019-06-25 14:20:27', 4),
(183, 'A', '2019-06-25 14:21:02', 6),
(184, 'Aasdf', '2019-06-25 14:21:14', 6),
(185, 'N', '2019-06-25 14:21:29', 6),
(186, 'c', '2019-06-26 08:50:44', 4),
(187, 'd', '2019-06-26 09:02:09', 4),
(188, 'f', '2019-06-26 09:44:03', 11),
(189, 'v', '2019-06-26 10:03:11', 11),
(190, 'm', '2019-06-26 10:07:44', 11),
(191, 'm', '2019-06-28 11:18:56', 4),
(192, 'v', '2019-06-28 11:19:07', 4),
(193, 'm', '2019-06-28 11:21:25', 4),
(194, 'n', '2019-06-29 12:29:33', 4),
(195, 'm', '2019-06-29 12:30:04', 4),
(196, 'test', '2019-06-29 12:30:56', 4),
(197, 'all ', '2019-06-29 13:23:29', 4),
(198, 'cvv', '2019-07-01 15:47:18', 4),
(199, 'hi', '2019-08-20 16:42:53', 16),
(200, 'ff', '2019-08-21 16:50:51', 4),
(201, 'hi ', '2019-09-01 21:39:26', 403),
(202, 'hi', '2019-10-22 14:50:40', 408),
(203, 'hi', '2019-10-23 15:46:18', 408),
(204, 'hi', '2019-10-23 15:46:19', 408),
(205, 'how r u', '2019-10-23 15:46:34', 408),
(206, 'hi', '2019-10-23 15:56:24', 408),
(207, 'hlo', '2019-10-23 20:53:07', 408);

-- --------------------------------------------------------

--
-- Table structure for table `news`
--

CREATE TABLE `news` (
  `news_id` int(200) NOT NULL,
  `title` text NOT NULL,
  `description` text NOT NULL,
  `location` varchar(100) NOT NULL,
  `added_date` date NOT NULL,
  `added_time` varchar(20) NOT NULL,
  `added` timestamp NULL DEFAULT NULL,
  `status` enum('a','b') NOT NULL,
  `timestamp` timestamp NOT NULL DEFAULT CURRENT_TIMESTAMP
) ENGINE=InnoDB DEFAULT CHARSET=latin1;

--
-- Dumping data for table `news`
--

INSERT INTO `news` (`news_id`, `title`, `description`, `location`, `added_date`, `added_time`, `added`, `status`, `timestamp`) VALUES
(1, 'Northern States Continue to Grapple With Rain Aftermath as Death Toll Climbs to 42', 'New Delhi: The northern states Tuesday grappled with the aftermath of the heavy rains during the weekend with damaged roads still to be repaired, flooded fields, rivers in spate and more bodies of victims being recovered.\r\n\r\nThe death toll in the recent rain that triggered landslides in Himachal Pradesh and Uttarakhand and floods in Punjab and Haryana rose to 42 with four more bodies being retrieved in Uttarkashi. In the national capital, the Yamuna river was flowing almost a metre above the danger mark and threatened to swell further as Haryana released more water from a barrage on Tuesday afternoon.', 'Maharashtra', '2019-06-05', '10:00 AM', '2019-06-05 04:30:00', 'a', '2019-08-21 09:09:46'),
(2, 'Bangladesh backs India on Kashmir issue: It’s an internal matter', 'Clearing its stance on Jammu and Kashmir, Bangladesh Wednesday said the Centre’s decision to abrogate Article 370 of the Constitution — which gave Jammu and Kashmir special status — was India’s “internal matter”.\r\n\r\n\r\nAdvertising\r\n“Bangladesh maintains that the abrogation of Article 370 by the Indian Government is an internal issue of India,” a statement issued by Bangladesh’s Ministry of Foreign Affairs said.\r\n\r\nThe statement further says Bangladesh has “always advocated, as a matter of principle, that maintaining regional peace and stability, as well as development should be a priority for all countries.” The neighbouring country’s statement comes a week after Pakistan approached the United National Security Council (UNSC) which made it clear that Delhi and Islamabad should find a solution “bilaterally”.\r\n\r\nVarious other countries including Russia, Maldives, Afghanistan, UAE and Sri Lanka backed India’s move and condemned Pakistan’s position. Meanwhile, Indian External Affairs Minister S Jaishankar is on a two-day visit to Dhaka, which is his first to Bangladesh since taking over the portfolio.', 'Delhi', '2019-07-02', '11:00 PM', '2019-07-02 17:30:00', 'a', '2019-08-21 09:12:35'),
(4, 'Characterization of Beauveria bassiana associated with allspice auger beetle', 'The incidence of auger beetle, Sinoxylon anale Lesne (Bostrichidae: Coleoptera), a destructive pest of cosmopolitan occurrence is reported for the first time on allspice trees from Kozhikode, Kerala. The insects bored through the basal region of fresh twigs resulting in dieback symptoms. Morphological characterization and sequencing of a partially amplified fragment of the mitochondrial CO1 gene revealed the insect to be Sinoxylon anale. An entomopathogenic fungus was isolated from infected cadavers of S. anale that was identified as Beauveria bassiana (Bals.-Criv.) Vuill., sensu stricto (s.s) (Ascomycota: Hypocreales) based on morphological and molecular studies. The fungus was virulent against adult beetles and this is the first record of B. bassiana naturally infecting S. anale. The findings were published in the Journal of Invertebrate Pathology', 'Calicut', '2019-08-26', '05:30 PM', '2019-08-26 17:30:54', 'a', '2019-08-26 12:00:54');

-- --------------------------------------------------------

--
-- Table structure for table `news_images`
--

CREATE TABLE `news_images` (
  `ni_id` int(11) NOT NULL,
  `news_image` varchar(150) NOT NULL,
  `news_id` int(11) NOT NULL,
  `timestamp` timestamp NOT NULL DEFAULT CURRENT_TIMESTAMP ON UPDATE CURRENT_TIMESTAMP
) ENGINE=InnoDB DEFAULT CHARSET=latin1;

--
-- Dumping data for table `news_images`
--

INSERT INTO `news_images` (`ni_id`, `news_image`, `news_id`, `timestamp`) VALUES
(1, 'uploads/news/news1.jpg', 1, '2019-08-21 09:11:04'),
(2, 'uploads/news/Bangladesh backs India on Kashmir issue: It’s an internal matter201908237870.png', 2, '2019-08-23 09:39:13'),
(4, 'uploads/news/Characterization of Beauveria bassiana associated with allspice auger beetle201908262181.png', 4, '2019-08-26 12:00:54');

-- --------------------------------------------------------

--
-- Table structure for table `payments`
--

CREATE TABLE `payments` (
  `id` int(11) NOT NULL,
  `payment` double NOT NULL,
  `payment_id` varchar(100) NOT NULL,
  `date` date NOT NULL,
  `time` varchar(20) NOT NULL,
  `notes` text NOT NULL,
  `member_id` int(11) NOT NULL,
  `payment_by` enum('user','admin') NOT NULL DEFAULT 'user',
  `timestamp` timestamp NOT NULL DEFAULT CURRENT_TIMESTAMP ON UPDATE CURRENT_TIMESTAMP
) ENGINE=MyISAM DEFAULT CHARSET=latin1;

--
-- Dumping data for table `payments`
--

INSERT INTO `payments` (`id`, `payment`, `payment_id`, `date`, `time`, `notes`, `member_id`, `payment_by`, `timestamp`) VALUES
(1, 2000, 'pay_CnYWUgqYlZTGkV', '2019-06-29', '02:44 PM', '', 6, 'user', '2019-06-29 09:14:33'),
(4, 2500, '', '2019-07-24', '03:40 PM', 'Already paid member.', 14, 'admin', '2019-07-24 10:10:41'),
(5, 2500, '', '2019-07-31', '11:30 AM', 'test', 15, 'admin', '2019-07-31 06:00:56'),
(6, 240, '', '2019-08-01', '09:22 AM', 'test', 13, 'admin', '2019-08-01 03:52:38'),
(7, 0, '', '2019-09-05', '03:30 PM', 'test', 405, 'admin', '2019-09-05 10:00:33'),
(8, 2500, '', '2019-09-06', '02:58 PM', '', 404, 'admin', '2019-09-06 09:28:28');

-- --------------------------------------------------------

--
-- Table structure for table `polls`
--

CREATE TABLE `polls` (
  `poll_id` int(11) NOT NULL,
  `question` text NOT NULL,
  `end_date` date NOT NULL,
  `end_time` varchar(20) NOT NULL,
  `ts` timestamp NULL DEFAULT CURRENT_TIMESTAMP,
  `status` tinyint(1) NOT NULL,
  `timestamp` timestamp NOT NULL DEFAULT CURRENT_TIMESTAMP ON UPDATE CURRENT_TIMESTAMP
) ENGINE=InnoDB DEFAULT CHARSET=latin1;

--
-- Dumping data for table `polls`
--

INSERT INTO `polls` (`poll_id`, `question`, `end_date`, `end_time`, `ts`, `status`, `timestamp`) VALUES
(1, 'Who will be the champions of ICC WC 2019 , test test test test test test test test test test?', '2019-06-30', '09:00 PM', '2019-06-01 15:30:00', 1, '2019-07-29 06:57:00'),
(2, 'Who will be the prime minister of india in 2023?', '2019-06-30', '09:00 PM', '2019-06-01 15:30:00', 1, '2019-06-17 09:41:23'),
(3, 'Who will be the next secretary of IISR?', '2019-06-30', '09:00 PM', '2019-06-30 15:30:00', 1, '2019-06-17 10:09:58'),
(4, 'Test?', '2019-06-30', '09:00 PM', '2019-06-30 21:00:00', 1, '2019-06-24 06:54:36'),
(5, 'Check?', '2019-07-31', '09:00 PM', '2019-09-29 21:00:00', 1, '2019-07-29 09:16:51'),
(7, 'What is a question ?', '2019-07-31', '12:00 AM', '2019-07-31 00:00:00', 1, '2019-07-31 08:30:59'),
(8, 'Test', '2019-07-31', '12:30 PM', '2019-07-31 12:30:00', 1, '2019-07-31 06:55:14'),
(9, 'test', '2019-07-29', '1:30 PM', '2019-07-29 13:30:00', 1, '2019-07-31 07:55:49');

-- --------------------------------------------------------

--
-- Table structure for table `poll_options`
--

CREATE TABLE `poll_options` (
  `opt_id` int(11) NOT NULL,
  `option_name` text NOT NULL,
  `poll_id` int(11) NOT NULL
) ENGINE=InnoDB DEFAULT CHARSET=latin1;

--
-- Dumping data for table `poll_options`
--

INSERT INTO `poll_options` (`opt_id`, `option_name`, `poll_id`) VALUES
(1, 'India', 1),
(2, 'Australia', 1),
(3, 'England', 1),
(4, 'None of the above', 1),
(5, 'Narendra Modi', 2),
(6, 'Rahul Gandhi', 2),
(7, 'Amit Shah', 2),
(8, 'Sonia gandhi', 2),
(9, 'Dr. Swaminathan', 3),
(10, 'Dr. Vijay Shankar', 3),
(11, 'Dr. Krishna Murthy', 3),
(12, 'Dr. Ahammed Ali', 3),
(13, 'Test1', 4),
(14, 'Test2', 4),
(15, 'CHECK1', 5),
(16, 'CHECK2', 5),
(20, 'test1234', 7),
(22, 'test', 8),
(23, 'test', 8),
(24, 'test', 8),
(25, 'test', 9);

-- --------------------------------------------------------

--
-- Table structure for table `registration_fee`
--

CREATE TABLE `registration_fee` (
  `rf_id` int(11) NOT NULL,
  `fee` int(11) NOT NULL
) ENGINE=MyISAM DEFAULT CHARSET=latin1;

--
-- Dumping data for table `registration_fee`
--

INSERT INTO `registration_fee` (`rf_id`, `fee`) VALUES
(1, 2500);

-- --------------------------------------------------------

--
-- Table structure for table `results`
--

CREATE TABLE `results` (
  `id` bigint(20) NOT NULL,
  `opt_id` bigint(20) NOT NULL,
  `poll_id` int(11) NOT NULL,
  `member_id` int(11) NOT NULL,
  `timestamp` timestamp NOT NULL DEFAULT CURRENT_TIMESTAMP ON UPDATE CURRENT_TIMESTAMP
) ENGINE=InnoDB DEFAULT CHARSET=latin1;

--
-- Dumping data for table `results`
--

INSERT INTO `results` (`id`, `opt_id`, `poll_id`, `member_id`, `timestamp`) VALUES
(1, 9, 3, 4, '2019-06-25 05:53:00'),
(2, 10, 3, 4, '2019-06-25 05:53:06'),
(3, 11, 3, 4, '2019-06-25 05:53:09'),
(4, 12, 3, 4, '2019-06-25 05:53:11'),
(5, 13, 4, 4, '2019-06-25 06:03:41'),
(6, 15, 5, 4, '2019-06-25 06:05:34'),
(7, 16, 5, 16, '2019-08-20 11:08:52');

-- --------------------------------------------------------

--
-- Table structure for table `sliders`
--

CREATE TABLE `sliders` (
  `slider_id` int(11) NOT NULL,
  `name` varchar(100) NOT NULL,
  `image` varchar(200) NOT NULL,
  `timestamp` timestamp NOT NULL DEFAULT CURRENT_TIMESTAMP ON UPDATE CURRENT_TIMESTAMP
) ENGINE=InnoDB DEFAULT CHARSET=latin1;

--
-- Dumping data for table `sliders`
--

INSERT INTO `sliders` (`slider_id`, `name`, `image`, `timestamp`) VALUES
(1, 'slider1', 'uploads/sliders/slider1.jpg', '2019-06-15 08:57:19'),
(2, 'slider2', 'uploads/sliders/slider2.jpg', '2019-06-15 08:57:27');

--
-- Indexes for dumped tables
--

--
-- Indexes for table `admin`
--
ALTER TABLE `admin`
  ADD PRIMARY KEY (`id`);

--
-- Indexes for table `events`
--
ALTER TABLE `events`
  ADD PRIMARY KEY (`ev_id`);

--
-- Indexes for table `event_images`
--
ALTER TABLE `event_images`
  ADD PRIMARY KEY (`ei_id`);

--
-- Indexes for table `gallery`
--
ALTER TABLE `gallery`
  ADD PRIMARY KEY (`image_id`);

--
-- Indexes for table `members`
--
ALTER TABLE `members`
  ADD PRIMARY KEY (`member_id`);

--
-- Indexes for table `messages`
--
ALTER TABLE `messages`
  ADD PRIMARY KEY (`id`);

--
-- Indexes for table `news`
--
ALTER TABLE `news`
  ADD PRIMARY KEY (`news_id`);

--
-- Indexes for table `news_images`
--
ALTER TABLE `news_images`
  ADD PRIMARY KEY (`ni_id`);

--
-- Indexes for table `payments`
--
ALTER TABLE `payments`
  ADD PRIMARY KEY (`id`);

--
-- Indexes for table `polls`
--
ALTER TABLE `polls`
  ADD PRIMARY KEY (`poll_id`);

--
-- Indexes for table `poll_options`
--
ALTER TABLE `poll_options`
  ADD PRIMARY KEY (`opt_id`);

--
-- Indexes for table `registration_fee`
--
ALTER TABLE `registration_fee`
  ADD PRIMARY KEY (`rf_id`);

--
-- Indexes for table `results`
--
ALTER TABLE `results`
  ADD PRIMARY KEY (`id`);

--
-- Indexes for table `sliders`
--
ALTER TABLE `sliders`
  ADD PRIMARY KEY (`slider_id`);

--
-- AUTO_INCREMENT for dumped tables
--

--
-- AUTO_INCREMENT for table `admin`
--
ALTER TABLE `admin`
  MODIFY `id` int(11) NOT NULL AUTO_INCREMENT, AUTO_INCREMENT=2;

--
-- AUTO_INCREMENT for table `events`
--
ALTER TABLE `events`
  MODIFY `ev_id` int(11) NOT NULL AUTO_INCREMENT, AUTO_INCREMENT=15;

--
-- AUTO_INCREMENT for table `event_images`
--
ALTER TABLE `event_images`
  MODIFY `ei_id` int(11) NOT NULL AUTO_INCREMENT, AUTO_INCREMENT=16;

--
-- AUTO_INCREMENT for table `gallery`
--
ALTER TABLE `gallery`
  MODIFY `image_id` int(11) NOT NULL AUTO_INCREMENT, AUTO_INCREMENT=8;

--
-- AUTO_INCREMENT for table `members`
--
ALTER TABLE `members`
  MODIFY `member_id` bigint(20) NOT NULL AUTO_INCREMENT, AUTO_INCREMENT=409;

--
-- AUTO_INCREMENT for table `messages`
--
ALTER TABLE `messages`
  MODIFY `id` bigint(20) NOT NULL AUTO_INCREMENT, AUTO_INCREMENT=208;

--
-- AUTO_INCREMENT for table `news`
--
ALTER TABLE `news`
  MODIFY `news_id` int(200) NOT NULL AUTO_INCREMENT, AUTO_INCREMENT=5;

--
-- AUTO_INCREMENT for table `news_images`
--
ALTER TABLE `news_images`
  MODIFY `ni_id` int(11) NOT NULL AUTO_INCREMENT, AUTO_INCREMENT=5;

--
-- AUTO_INCREMENT for table `payments`
--
ALTER TABLE `payments`
  MODIFY `id` int(11) NOT NULL AUTO_INCREMENT, AUTO_INCREMENT=9;

--
-- AUTO_INCREMENT for table `polls`
--
ALTER TABLE `polls`
  MODIFY `poll_id` int(11) NOT NULL AUTO_INCREMENT, AUTO_INCREMENT=10;

--
-- AUTO_INCREMENT for table `poll_options`
--
ALTER TABLE `poll_options`
  MODIFY `opt_id` int(11) NOT NULL AUTO_INCREMENT, AUTO_INCREMENT=26;

--
-- AUTO_INCREMENT for table `registration_fee`
--
ALTER TABLE `registration_fee`
  MODIFY `rf_id` int(11) NOT NULL AUTO_INCREMENT, AUTO_INCREMENT=2;

--
-- AUTO_INCREMENT for table `results`
--
ALTER TABLE `results`
  MODIFY `id` bigint(20) NOT NULL AUTO_INCREMENT, AUTO_INCREMENT=8;

--
-- AUTO_INCREMENT for table `sliders`
--
ALTER TABLE `sliders`
  MODIFY `slider_id` int(11) NOT NULL AUTO_INCREMENT, AUTO_INCREMENT=3;
COMMIT;

/*!40101 SET CHARACTER_SET_CLIENT=@OLD_CHARACTER_SET_CLIENT */;
/*!40101 SET CHARACTER_SET_RESULTS=@OLD_CHARACTER_SET_RESULTS */;
/*!40101 SET COLLATION_CONNECTION=@OLD_COLLATION_CONNECTION */;
